vit_t_lm_points,vit_t_lm_bboxes,vit_b_lm_points,vit_b_lm_bboxes,vit_l_lm_points,vit_l_lm_bboxes,vit_t_em_organelles_points,vit_t_em_organelles_bboxes,vit_b_em_organelles_points,vit_b_em_organelles_bboxes,vit_l_em_organelles_points,vit_l_em_organelles_bboxes,vit_h_points,vit_h_bboxes,file_names
0.538203392725528,0.8076056090737076,0.7384849510476029,0.8578005844838027,0.7855685913499766,0.8699535795499448,0.5587101161641361,0.8079328963317732,0.4428149156061591,0.8062030514101725,0.5149620596151415,0.8008881470944798,0.11680615387350647,0.6637589920031876,im_0.png
0.5339714309361641,0.8067601580686029,0.6665817704443372,0.8467526930169853,0.7690197313080586,0.8651305896561816,0.5646536928410016,0.8034275907894652,0.43057038478269744,0.7944514082290464,0.513187508037149,0.7927780182350919,0.1578391700969721,0.6361384353948285,im_1.png
0.5206035912826337,0.8002027601341021,0.6550105417718419,0.8327314199537992,0.7676244454421135,0.8680531193388524,0.5535428451210764,0.8086445311082758,0.5136961128722455,0.7999925249037119,0.5182090203862879,0.7886409317786122,0.1189829619362724,0.6430486733807408,im_2.png
0.567948176248234,0.8133235372686279,0.6725001459129477,0.8575629433210461,0.7750642993109281,0.8646120128210072,0.5881173159562935,0.8115728049636732,0.4476518784815099,0.797012706043505,0.5137009952886452,0.7977284282643734,0.1896102265515777,0.6391184647455782,im_3.png
0.7143197291963123,0.8110705625563897,0.7515337606333369,0.8306343084805287,0.7605859301119586,0.8323867715904851,0.576450486985363,0.7700040043442223,0.5493312447896881,0.7796497133844476,0.5271128085993062,0.783551536305145,0.4178550314549372,0.6492313565363902,im_4.png
0.684170519634801,0.828367063041198,0.7195127590845396,0.8364074856849892,0.7180917512862175,0.8328886363488934,0.6242180473007741,0.8368480262252169,0.5851398306548439,0.8166918977017898,0.5593927764575305,0.8072129375102656,0.4662613223405787,0.7111541249496814,im_5.png
0.696954074638064,0.8112751881307396,0.7429397696805242,0.8338099582503132,0.7709822872040247,0.8415267652532994,0.5369028853465655,0.7291374933626217,0.5522773869241943,0.7713203790596415,0.5310740812634372,0.7798177341347408,0.3088226195324,0.604895131959112,im_6.png
0.7439241510162743,0.8161491126175767,0.7777318557387226,0.8367369989004652,0.7471452360971177,0.8225082539369121,0.6148233785065489,0.8065241356360036,0.6143028827917124,0.7925412673168847,0.597840557772394,0.7905740032485703,0.4250087733904289,0.6732586359836786,im_7.png
0.6067139673671358,0.7625081847403867,0.6297601947871472,0.7909641929864372,0.6471146744166208,0.7872813946862879,0.5322684279387072,0.7501999612253201,0.45349514176128136,0.7398980471711079,0.4791178504863783,0.7371489024624557,0.2532019300703006,0.587348258011168,im_8.png
0.6714423907539585,0.7855760099410709,0.6918542013613195,0.7960952532742148,0.6921184016129702,0.8115952657768437,0.5284698367444531,0.7010903008661499,0.491893097072822,0.7533372733602733,0.505580020472894,0.7475450498022903,0.2888026058752488,0.54171078603477,im_9.png
0.6596164016338035,0.8013703897600626,0.7007798817024856,0.8244999282354339,0.7284411585500833,0.8348649819670926,0.5054910751277314,0.7202602598545341,0.48600359720664393,0.7571337971196179,0.49044439150946706,0.7535620640495032,0.3128498309572627,0.5844935412875746,im_10.png
0.6924906105396601,0.8060863569152674,0.7147469005281759,0.8146342907237298,0.7572347672794888,0.8369399990207659,0.5395328463241238,0.7571828219856027,0.5352392249633589,0.7628742999940761,0.5178121584962533,0.7672894293320082,0.24979340892058724,0.5743800728596518,im_11.png
0.6491926847595348,0.8186626736958635,0.6769787377822215,0.8195218235033456,0.7370866534742566,0.8559010564696098,0.4582013080133063,0.6811926692200938,0.4964513579736373,0.7615743464676757,0.5126039879709512,0.7622777560469799,0.23801578786019473,0.5213319300218714,im_12.png
0.6706026237544515,0.799002476546199,0.6961011043845201,0.8068509484548468,0.7181163289989189,0.8120789693656886,0.552374324463741,0.7530260237913257,0.5045437367709574,0.7591492447619755,0.5052888982976866,0.761888358102163,0.35302957655144085,0.6124940761538233,im_13.png
0.7078406300525367,0.8281565064172327,0.7452411537059981,0.8430675925588641,0.7501138590726277,0.8436770835801337,0.5569749674573609,0.7849672162284392,0.5735843528998329,0.7954592934291418,0.5531180298397063,0.7952559147829147,0.4079011877386558,0.6341009801026721,im_14.png
0.6796502012018347,0.812562094605991,0.7254360861953687,0.8419582983219136,0.7328808567442162,0.8425584661772847,0.5471769514480997,0.7289671473645427,0.5182694565580308,0.775496509719831,0.5263351137481688,0.7763402010958461,0.33653978301425097,0.6070237645306861,im_15.png
0.6819667805759546,0.8198980037173949,0.7340842967778771,0.8424629555322087,0.7669018855676223,0.8574524833720488,0.5009674991155477,0.7245009611189965,0.5144192488431554,0.7739346689667497,0.5196793186513653,0.7770062918884779,0.28569589280109403,0.5616928715960877,im_16.png
0.6962872273631028,0.8325465469365971,0.7385791978525484,0.8503555397903476,0.7896544224380053,0.8804994031295934,0.4531385341076518,0.6458753151154264,0.49141872719844637,0.7588521709482832,0.5153995667661061,0.7715773676088815,0.24017749063650412,0.5408612420727757,im_17.png
0.7032211271230687,0.8126906511954948,0.7371908400838688,0.8350686876507252,0.7698615887702794,0.8484089356816539,0.557714732256258,0.7488567793085059,0.5420823203905426,0.7691386995157304,0.5420124490412352,0.7763508145912437,0.33376107080109546,0.6202614073532703,im_18.png
0.6753094754610284,0.8155272433860462,0.7162173217611039,0.8332296029787603,0.7785933847972905,0.8557203638989852,0.4998013841539258,0.7484651970327656,0.5057241426859174,0.7612289877412225,0.5077435828585062,0.7515022277676139,0.2700819556564182,0.5479595221173714,im_19.png
0.6846685065796932,0.8039295636638093,0.6961552204719095,0.8191063132243972,0.7053428509564879,0.8219005220700881,0.5902410653598689,0.8017025563916588,0.5245848604648561,0.770519540402388,0.5168414710153169,0.7624613219329791,0.40212785904670556,0.6115806254860553,im_20.png
0.6349313342337622,0.7739783753230187,0.6459025488939641,0.8057796624747235,0.6938171842507953,0.8286246010475569,0.5023517881879832,0.7288907101723215,0.4429586435397284,0.7357028073381979,0.4737156093414563,0.7250011629358668,0.24233680906445554,0.5493959886599574,im_21.png
0.6728726901449505,0.7956425996680201,0.6875994666828471,0.8102837063424808,0.7351355434272008,0.8334815198133841,0.5179890605927233,0.7358255353774599,0.4874197585719994,0.7527644682497183,0.5027123326696187,0.7537904544007064,0.16591327907783407,0.5220157850464178,im_22.png
0.6608044990335189,0.8135092747881238,0.6841430754429634,0.8310233571519299,0.7382312810069053,0.8606901812311017,0.4798211345697815,0.7125446139898555,0.4941874965238696,0.7558085969487516,0.4857128452332284,0.7483070189710843,0.24746060865957392,0.5340232885194945,im_23.png
0.7117172552912344,0.8048908487279958,0.7291240427253214,0.8248495645232048,0.7244475471772679,0.8165372675510301,0.5873832305155604,0.8000156754358542,0.5428095938991717,0.7865767487454368,0.5150309838007756,0.7817298797539445,0.4120862869020557,0.6336704214931432,im_24.png
0.7044407664820836,0.8220183548292932,0.7398470915116375,0.8369419616743963,0.7722810947899306,0.8533427191228798,0.5177772441877909,0.7032054279250476,0.5146340122120711,0.7503241992325794,0.5375892059262218,0.7511909502939463,0.23993260598878258,0.5552788262842869,im_25.png
0.6886713945438212,0.8137167622059878,0.7251717334470855,0.8321804629763763,0.7482063171253179,0.8471203526193545,0.5217545936065621,0.730393480780169,0.5421827590170568,0.7701198984271453,0.5377001298138152,0.7731447722969473,0.3002594173981247,0.5897880258867528,im_26.png
0.7094917409774192,0.8229991094355715,0.7415055708431949,0.8390332279993413,0.7507602453659256,0.8372404322844847,0.5666238629595777,0.7722128075815696,0.5763135752983429,0.8014374528919372,0.5601413330414504,0.7976853742667137,0.3946181177744083,0.6187845921767436,im_27.png
0.6045470492653857,0.7928771051998091,0.6443524919128304,0.8020762728875278,0.6830640709049752,0.8312589546497169,0.43570427827667524,0.6906593246664684,0.42845536327393313,0.7550188746288398,0.45219909576609807,0.7555358826050688,0.25830903771321895,0.5102337088107076,im_28.png
0.6508502887458726,0.7961056863364532,0.6658270625070339,0.7982502601452425,0.672730392115588,0.8174010578870048,0.5142579493723862,0.7311110075580887,0.4602474126981496,0.7557474346090358,0.49785540229977227,0.7534207279907018,0.2311895672012173,0.578475686499413,im_29.png
0.7105406624267349,0.8106886998449141,0.7324120891315725,0.818423625687556,0.75325028273094,0.8288431636055764,0.49877471651079164,0.6806046838766471,0.4959295729988275,0.7460614742222669,0.510118022127828,0.7460668483564883,0.22650909163213592,0.5225113163629695,im_30.png
0.6586393699282582,0.7973244742062607,0.671680621424327,0.7918972720519551,0.6625534775233713,0.7872118144983355,0.5376442540246216,0.7733779758802133,0.4763463827511129,0.768417511432254,0.5079169549613506,0.7647000538518395,0.28679461228246134,0.55365805558069,im_31.png
0.705971918656778,0.83146382460145,0.721801244353188,0.8370708433208041,0.7549465372492598,0.8534618087587443,0.5469307720323778,0.7394710055445165,0.5337450510023435,0.7801179536843802,0.525221888938502,0.7883432627966317,0.3496736909407888,0.5744374068734989,im_32.png
0.6958813263487522,0.8154086976806412,0.7335047721690938,0.8346113414126145,0.7506412516430643,0.8480356009181362,0.5782811381769417,0.7250461512611177,0.567783292089148,0.7755841244144507,0.5491893381572688,0.7707721436959102,0.33746577627782814,0.6234655212737746,im_33.png
0.69002106739427,0.8144501914445499,0.6754719012941424,0.8085808942860789,0.7316958967466046,0.8466056464581665,0.43061944569602695,0.5830183947634391,0.5367544199255488,0.7543406079984913,0.5331958850144551,0.742433758859835,0.28159868846064573,0.5166727608873312,im_34.png
0.6560697280556187,0.8150206797545243,0.7270718956169707,0.8170616687055242,0.7627263811874392,0.8443710666786426,0.4882413802501558,0.636470665616591,0.5053859712414288,0.745722586781347,0.5275077382577125,0.7596224971110977,0.13625487463815955,0.526556575848673,im_35.png
0.7256954994355753,0.8225996596032039,0.7594692585656659,0.8388538062323933,0.7655394888417878,0.8373310583661685,0.5631042802254544,0.7705214982812281,0.4968084712408025,0.7629547775804985,0.5150765967746814,0.7599801233731539,0.28581496933953515,0.6027835774741005,im_36.png
0.7376422687193415,0.8307963280225532,0.7554188052784357,0.8379251656773016,0.7782590328826189,0.8438912227918861,0.5457197240345559,0.746679930288066,0.5162991539101025,0.7629298867998663,0.548818220742366,0.7663987172745952,0.26846007703728964,0.5847485652250936,im_37.png
0.7135894028306248,0.8152053687638793,0.7239818146192418,0.8187138066159193,0.7376324220029151,0.8160788272440584,0.5742472659407151,0.7756899351291868,0.535823197947838,0.789890359820267,0.5579169780060359,0.7921815499545,0.30916574560705706,0.5885526440864616,im_38.png
0.7111678636482792,0.8217763123023263,0.7385173670387528,0.8319642162382845,0.7730285327653106,0.8536203366192745,0.5212806214671579,0.7504067583574893,0.5375922857452833,0.767649392927179,0.5304178569127116,0.7704566679095419,0.3086192973012439,0.598765693293872,im_39.png
0.7370148851744465,0.7839344136776691,0.7250740244667814,0.7859593785997632,0.7014180566073165,0.7780737377697837,0.6211456170290118,0.7936325203575716,0.5012791107686999,0.7596404994963533,0.53408189757148,0.7608309433145157,0.43055499295350197,0.6276305315057092,im_40.png
0.6873221941160181,0.7935693971820073,0.7234884964401943,0.8248775481308291,0.7160876181094556,0.8219536099021998,0.5725466377421664,0.7584578420929549,0.5173121963415228,0.7670514691485657,0.5035919904460755,0.7716245922066374,0.35061392087120125,0.6253315074787134,im_41.png
0.6889507264063541,0.7983663214496246,0.7051497755216235,0.8070228232420215,0.6647174386330059,0.7869808091368892,0.601913815525406,0.8285187247242376,0.5377666125522742,0.7753928676858547,0.518896211745914,0.7593830528825638,0.4671974251325813,0.6319393472260769,im_42.png
0.636125243102399,0.7737738060875476,0.6874329518957859,0.796312841835647,0.6998599768512546,0.8092741054186388,0.5384576632504277,0.7746493221627366,0.46844391487582615,0.7455436193540353,0.49847729466695506,0.7492675276793285,0.26520220139863376,0.5933568174146907,im_43.png
0.7251045885609458,0.8310903337990202,0.7425919097851756,0.8482238823919258,0.7632191951426495,0.8594205166585146,0.620216482341965,0.8143820354894938,0.5558963990307296,0.7973833956178763,0.5402685911748697,0.7873283111656533,0.42180774479594885,0.6725128237245604,im_44.png
0.690653627046007,0.8251976076782769,0.6740404380920237,0.8292138792604957,0.725478602424722,0.8543014484664595,0.580242307876702,0.7900284843013459,0.5406683562799474,0.7781589825996971,0.5422239533833689,0.7790927327704783,0.3382352520360976,0.6439160555637766,im_45.png
0.6356204217336983,0.7845450535042204,0.6903557461015397,0.8207270731051626,0.7299205164604579,0.8576387806455633,0.47955068870498346,0.6932724263513707,0.48852524387376217,0.7421093796710873,0.5090025938754781,0.7379030938974588,0.20228831289639573,0.5181348545070986,im_46.png
0.5982419983473799,0.794087838524162,0.6877490462228228,0.8487582530841582,0.7177038238360209,0.8516603126144429,0.5796795462479576,0.7819175432833546,0.42087651196041775,0.7325135730712653,0.5294114100431704,0.7391226445578449,0.29734611180819637,0.6366743379265224,im_47.png
0.7005726325635508,0.8192961549347684,0.7308285844358917,0.837383379954389,0.7815819917674219,0.8572843617111926,0.4775812563044435,0.6858090165080595,0.458313253555422,0.761729120676688,0.4797874466732495,0.7654916623716146,0.33756134908444224,0.5552721401495542,im_48.png
0.71258023735469,0.8248101523732447,0.7467766575225327,0.84006221870323,0.7651591086439337,0.8382289858772338,0.5596022802604412,0.7368041566570454,0.5340040952307287,0.7924310119995888,0.5454079472228197,0.7958147812099267,0.337308207717356,0.5982377911733183,im_49.png
0.7061536289294524,0.8095511316680367,0.7185580314070609,0.8339136642241297,0.7559104495693519,0.8389718372849725,0.5196907240609971,0.6929233885337952,0.5389660472149208,0.7607659879471302,0.5327025454429134,0.7713560733880581,0.2623244617702853,0.5684578470025321,im_50.png
0.7273009564655899,0.8272189837124355,0.75617441495069,0.8395335126431017,0.7579403502961638,0.8467068809575854,0.5439066339984073,0.7224423781590319,0.5424952777460705,0.7793722266527631,0.5569300403301517,0.7772432860096256,0.3261326232941103,0.5783236359332636,im_51.png
0.6796909528828343,0.8172486618697035,0.7338926950917878,0.8457706194089468,0.7199366716340251,0.8382593039987654,0.5112499847803528,0.7387367163135177,0.5054641050273391,0.7909239933069205,0.5146307309782228,0.788796488297595,0.42381503219820166,0.6190017532452995,im_52.png
0.681360557099197,0.8008758940319317,0.6990779791708865,0.8040061792052438,0.7095851900622299,0.805650417915976,0.5662690423205656,0.8077828736195796,0.5559506206057816,0.7980022870212216,0.5285544065310929,0.7883594987860844,0.4302935168176506,0.6275274264443336,im_53.png
0.7154264872920595,0.8320575300959618,0.7546786459746876,0.8642690831071786,0.729500472384005,0.8479827788010927,0.5546601851365867,0.7783046268152284,0.5727662241661269,0.8081511292736601,0.57002889142737,0.8036687080136479,0.4570060300863908,0.6259734823061093,im_54.png
0.6686352212075014,0.7926748118774366,0.6762318775385475,0.7876457309068271,0.7027201034315829,0.7924009165757254,0.6045516018149496,0.8056997902035239,0.5680639439893558,0.7927788468002902,0.535186738373893,0.7870230608568578,0.459493630716724,0.6375008364901709,im_55.png
0.6887479911471803,0.8026764576121931,0.7158085844445586,0.8256047042321623,0.7825551650803769,0.8615232489435951,0.4857823640875024,0.682984054768116,0.5033632435065671,0.7457381638573062,0.5030531596448751,0.7449224820325775,0.297764311685727,0.5451856078293161,im_56.png
0.6183065764066623,0.7815388553820263,0.6719077402559277,0.811910488177052,0.7495027637174839,0.8441984499619442,0.4751042177461694,0.6846330089170778,0.48936032148230374,0.739294765101081,0.43426846686420334,0.7322482180669592,0.1895250780243951,0.5583873597606485,im_57.png
0.666430916376703,0.7962739464863178,0.7201711082448533,0.834464113330917,0.7906020807290035,0.8643640589517061,0.47934478193341623,0.6142158060588023,0.48210603332873064,0.7448661432191779,0.48342209787974155,0.7508338274051003,0.24623128187756138,0.5687187907937027,im_58.png
0.6171940461166701,0.7864899812044294,0.7042839557210294,0.8305502266671183,0.7489171827124771,0.840437591352975,0.4875873480028002,0.6841863508973947,0.4966332440989366,0.749644836274626,0.5097035865504881,0.7732555959650939,0.26520297612313454,0.5946746823264902,im_59.png
0.6947788877017437,0.8130723460040142,0.687235232981331,0.803105194411621,0.684195414262313,0.8004469153937241,0.5547471422781041,0.7825594981062324,0.5281810213618631,0.7821313252397566,0.5076113556019026,0.7740307964150146,0.4305671239775743,0.6280615279231938,im_60.png
0.6980042898692252,0.8051952097138235,0.7005666335766535,0.8004283191029836,0.7061868248110997,0.7952678629856061,0.5887912755799976,0.7971780212560705,0.5308542452666583,0.7898612430930165,0.5246509395775002,0.7831522126280732,0.36691909071594164,0.6282465342478244,im_61.png
0.6988309732932593,0.8156645394630377,0.7163523815385765,0.8182546567129068,0.72079348969703,0.8259934230023948,0.6232738168528711,0.8291453566301088,0.5779817147784393,0.8046536691386198,0.5651860459567867,0.8027147254503808,0.48127327375777906,0.6710729697435559,im_62.png
0.7023204398060912,0.802666396260066,0.7093872458341036,0.7983511910733054,0.7132105401050935,0.7984828515319322,0.5866739785713597,0.8052297735373052,0.5569796696272358,0.7881342132167879,0.5399543363576166,0.786001990624185,0.43572094092064745,0.6383878925473049,im_63.png
0.5939255252822093,0.7810531173677386,0.6090960138212437,0.8068882844076373,0.6549688779440588,0.8317682101149435,0.4693569191405585,0.7169598672786599,0.4245836672904574,0.7296231939372535,0.4444852336848404,0.73398435990342,0.1996968366644409,0.4878248407792493,im_64.png
0.7285521895085965,0.8057969378417424,0.7383381502132619,0.8205985907400305,0.7459202730189438,0.8343777221524591,0.5619344223030678,0.7536330479922442,0.5143637308428474,0.7643820328246033,0.5388828712089903,0.7549050695091624,0.26448416082368187,0.6051730331039116,im_65.png
0.7258470616935297,0.7937363559648981,0.7352384722294132,0.8110404367655611,0.7306966229731335,0.8192532727268637,0.6342522384447804,0.829440456798139,0.5780707725439905,0.795489862514485,0.552685636802454,0.7885756666037189,0.4885031053051924,0.649537277345127,im_66.png
0.6086206723295489,0.7936266072870832,0.6503241953170412,0.8291173489081899,0.6868203506283123,0.8423264282162292,0.44745271749733967,0.7258324612115876,0.4299104857549757,0.7453743725379032,0.43940606232437146,0.7546692998033281,0.19767607160399692,0.524020811936935,im_67.png
NaN,NaN,NaN,NaN,NaN,NaN,NaN,NaN,NaN,NaN,NaN,NaN,NaN,NaN,im_68.png
NaN,NaN,NaN,NaN,NaN,NaN,NaN,NaN,NaN,NaN,NaN,NaN,NaN,NaN,im_69.png
0.7348947320302784,0.8197552251352651,0.7602395637134725,0.8375348564581478,0.7739691964412119,0.8462395243331584,0.5034396939290263,0.7427662829555571,0.502356266204931,0.747910266079682,0.49929001822254065,0.7464468848239751,0.1926279330338784,0.5570727620612821,im_70.png
0.721721090316996,0.7996569520194962,0.7462428162021485,0.8019634505087789,0.7367516892095626,0.8089388545054635,0.5880496137231882,0.7488153936107467,0.5806933483855534,0.7739126439883304,0.5840462650665648,0.7726206748311787,0.31111962776846325,0.5978569549943742,im_71.png
0.6857382780011237,0.7911271987386038,0.6485383584225246,0.7995553553232171,0.6447283581875993,0.7958972681841922,0.6032807260997921,0.8149886714104077,0.5199279361236475,0.7748822018145037,0.5218086884212092,0.7705938737855142,0.45023271149739447,0.614194274246134,im_72.png
0.6823742357533961,0.7849120169247601,0.6687599185091148,0.7713680303595208,0.6534068150285457,0.7798342037372928,0.5759001891301029,0.7828242117346955,0.515910552186313,0.7802700928271278,0.5149812262917935,0.7823413356403908,0.3611309876121351,0.5338006791507234,im_73.png
0.6899681082772325,0.7770475986872212,0.6717414123287823,0.7718508209144546,0.5715660086971135,0.7249962137704459,0.5474612669205129,0.7826979884684175,0.5371415578480285,0.7947808051197056,0.5364316218150721,0.7709012201731594,0.26023632994893847,0.46122947641477086,im_74.png
0.6928955345834482,0.7813597536933367,0.6814869748244258,0.7816497804159639,0.6040205053512763,0.7306684590669706,0.5860260301651917,0.7774382874984943,0.5381771311469765,0.7821639495381347,0.5456024838010174,0.7673180795693603,0.34168671319349186,0.5314841034694208,im_75.png
0.678626951101716,0.802416700195603,0.7072377519771519,0.8166847086653878,0.728286300386488,0.8209168026786847,0.5027432482870405,0.7097255335591592,0.5013416366525935,0.7630972615367992,0.5139881837354444,0.7552891140512332,0.24376720507173127,0.5782265931407289,im_76.png
0.6875482739770773,0.8146903158483545,0.7313798409771234,0.8371389888068936,0.7506885103551436,0.8341306156905394,0.5732629550934477,0.7739938078857598,0.5287826043910039,0.784793100122009,0.5449711276260422,0.7833439013981119,0.3244374932095051,0.6357302906341911,im_77.png
0.7048117586444657,0.8186500283776409,0.7232581735250551,0.8307077746008564,0.7599309081561124,0.8421670512934643,0.503941594704258,0.7110534411801894,0.51798223524919,0.7684619282789719,0.5316875613279404,0.7761954946160375,0.22029303073939155,0.5598784115875146,im_78.png
0.7206763930112977,0.8291267666485446,0.7349206141829658,0.8383221619074945,0.7618089044003096,0.8368491528440956,0.5831629091201355,0.7696828833480769,0.5582997270012143,0.7819157051747567,0.5620247322488149,0.7886017348714975,0.3442234510429254,0.6424383504397246,im_79.png
0.6710395614599393,0.803518266085711,0.7311109979042617,0.8344079463748657,0.7882734371064203,0.8644035797125055,0.4773897957784448,0.6610834494180761,0.475697250912696,0.7503412297454826,0.5254070679430581,0.7548225111032797,0.22714230902459948,0.5540851776152591,im_80.png
0.6828961237567853,0.8288765045226866,0.7407252517123566,0.8548719751244845,0.7727430790441404,0.8733669315748328,0.5025448719285437,0.7268352715252702,0.5018376378566789,0.7449904840931766,0.5232596813950118,0.7583308738146124,0.31593068068688007,0.5561854597780652,im_81.png
0.6640195985356279,0.8023156471720411,0.7161904405489661,0.8355943849542329,0.7600961723614739,0.837373284665191,0.5103278873153054,0.6419974694027807,0.52978637829727,0.7710819486337775,0.5263674723945512,0.7715291354735051,0.27889681612928746,0.5917253430875606,im_82.png
0.696558398801429,0.8351124571225813,0.7272005823452419,0.8505554422133849,0.7559375094988685,0.8596586016922985,0.5359049485450134,0.7887298467028694,0.5578390956310957,0.7971741638548893,0.5774504251179471,0.8058000889674057,0.33525310754031784,0.6324335294587798,im_83.png
0.7034504780162494,0.8140044887931885,0.6775938061862297,0.8012771530873137,0.6701306498874738,0.7974526074011211,0.6215522697241204,0.8284013470316551,0.5667055649097325,0.8028919397111415,0.5277143506228836,0.7933747299544016,0.48219538135574613,0.6818058698059127,im_84.png
0.6715236529233207,0.8038305997001945,0.6065471755934504,0.789340580309092,0.6269936405907541,0.7911414458706764,0.5927206793436605,0.7970743832979075,0.47916512704261355,0.7831786841729489,0.4500146377133096,0.7780350065411759,0.41564345255683044,0.6563483716400138,im_85.png
0.6995889583588052,0.7857739383588644,0.6904850574100363,0.7938595505511344,0.6801125413254937,0.7686247624379314,0.6037497652569472,0.8100718567940108,0.568822205497922,0.7877771308692894,0.552450943493481,0.7825998308469527,0.46497695484453466,0.6588309236740949,im_86.png
0.677991140450217,0.8114201932634124,0.635901970157362,0.8097632832894262,0.6619202880425374,0.809756920678244,0.5926793646335324,0.810072829499183,0.5134911964820837,0.7914483505387321,0.4867756389966381,0.7865450372439298,0.3228906032594463,0.6620262355853901,im_87.png
0.6874566970842713,0.8222695172605742,0.7186272015259194,0.8309331277645706,0.7764722765393071,0.8623514221516431,0.5075543181732592,0.7138710523557437,0.52101311113524,0.770663867044883,0.5229291128427858,0.764593591350571,0.30770345012304356,0.5486086937300979,im_88.png
0.6175832351499269,0.7660819366298849,0.6616454409997579,0.8117602699465832,0.6969542480775692,0.8268150503061393,0.47604003134055894,0.7024711471839656,0.5044131610150662,0.7308316965099815,0.4936669942901656,0.7292001802844849,0.1644021957535068,0.49729800081310543,im_89.png
0.6769931889435333,0.7990549342442642,0.7394995954995232,0.8416730601011772,0.7781395942682857,0.8612530158369526,0.5477347698777182,0.7632536242248186,0.5219556528341704,0.7601747394138891,0.5246930401782797,0.7678500683677725,0.27709634253744064,0.568981213509292,im_90.png
0.5126864410188057,0.7664757102382911,0.5997529960749487,0.8025115469679845,0.6313618416832469,0.8135054158834649,0.5186659295026711,0.7548332255370824,0.5257707769001219,0.7610712165552748,0.5256606553117603,0.7486682795714136,0.1319857657178695,0.5544077274520082,im_91.png
0.6362276576509417,0.7839000213565507,0.6727568405419779,0.8133974065486248,0.5987087835168916,0.7623013903432905,0.5221011599661305,0.7327396916877406,0.46906929333384373,0.8033573095425223,0.5346600304519215,0.8042340702536941,0.3189318564380907,0.5259074460532794,im_92.png
0.5987058760600588,0.7254919725644551,0.6252754881543165,0.7338677851319552,0.6177468873776861,0.7167540179786464,0.578371227613163,0.7265139890815049,0.47237018882378407,0.7347043935931815,0.5175591817886006,0.6947447072110841,0.474739462884721,0.4778822852024822,im_93.png
0.5441467179987202,0.7927544209776801,0.49281281756681716,0.7885499810262214,0.5181359220415847,0.7939403971873347,0.4413138720262499,0.7672591715522197,0.31692375954763025,0.7723288949238298,0.4504236881124199,0.7890955760421791,0.22153144835762492,0.5589497260677764,im_94.png
0.6468663639237221,0.7765932924555515,0.5613679568973433,0.7504503129711266,0.5037780253585297,0.7319467800325186,0.48597902022392553,0.7875718802540655,0.3669646872983575,0.7703644796995179,0.5701425329525301,0.7645038823610253,0.3154931148795104,0.4375225869528113,im_95.png
0.6844945786615908,0.7961977993796819,0.7262847504897775,0.8163504149337398,0.6749622553225004,0.7986883399458302,0.5674824278923281,0.7608260967079785,0.5679227296004908,0.7920273881179102,0.537935635802225,0.7934566686288953,0.3964097701204252,0.5458724855097794,im_96.png
0.7072802584689613,0.8157035859295925,0.7215802024661095,0.840149095120181,0.6677775607773861,0.808039359361735,0.5104739282778976,0.7351344209177021,0.5333590727101751,0.7816839317452237,0.5204327502226895,0.7828978721675974,0.4239619502651472,0.5769655479663285,im_97.png
0.6959361080452288,0.8183392125558524,0.7322960212349877,0.8336026237842435,0.6921355381556539,0.8110956723361594,0.5223042540415105,0.7240167150390614,0.5377209787313691,0.8002543550785813,0.5772403679778868,0.8023537607036669,0.3903073961438068,0.5510481005100365,im_98.png
0.6830965034491061,0.7922530276605325,0.6782236215115618,0.7769951919633423,0.6596918200291813,0.7730895794977082,0.6207792219405421,0.8223471381238426,0.5672326139348195,0.7985645997631151,0.5375972739864172,0.8019552881797978,0.4257230863777221,0.5456692424109909,im_99.png
0.7306316645726496,0.8211416928027276,0.7292360541531098,0.8188036641575223,0.7549043117108055,0.8442477329549568,0.5434286166306667,0.7701622219870506,0.5509541049528494,0.7691126990195247,0.5403648494436954,0.7746264546497675,0.43880773003604273,0.6787898580894702,im_100.png
0.7863632993680212,0.8525731500950382,0.7935434546809292,0.8553622723607823,0.7676517020315565,0.8572216648882899,0.6933196066459484,0.8569260801588896,0.5991882535630308,0.8177006043708601,0.5893126524133612,0.7921943112046731,0.5403156063170939,0.6872990513624154,im_101.png
0.7660655936482338,0.832540437880235,0.7727278993671766,0.8495182683553152,0.7271369325776352,0.816356845803426,0.6591660797751712,0.8419788373551115,0.5876470235649892,0.8046611731850661,0.5507638676506544,0.7988715055261392,0.4765289909449772,0.66983298327115,im_102.png
0.7979879949368033,0.8506778464923371,0.8113680631678204,0.8660050900562287,0.7718865248620147,0.8493070652202684,0.6698186292745199,0.8530084306804402,0.5745525168343374,0.8002287799006579,0.5649791510480708,0.7964144780595558,0.49231593504726767,0.6867381100826241,im_103.png
0.608506134792513,0.7248353306800851,0.6531234212965368,0.7832667223028164,0.5923599711891953,0.7248613495972378,0.5112169817693186,0.7030694953502327,0.47740753138460146,0.7627004209782597,0.5177182284796121,0.7485684269152355,0.3330018879958953,0.4754753859284241,im_104.png
0.6260827263847725,0.7807902395193784,0.6358464157940269,0.7785653621172847,0.6222649873817967,0.7663849293154499,0.5228707143540235,0.7497134168784969,0.4855665843447405,0.7715146398591634,0.4884737415912861,0.7661759324515125,0.2575058747935891,0.48075665788611627,im_105.png
0.6588886967833698,0.7979974190613353,0.6965514523096457,0.8075614534353128,0.6445380532859172,0.7774109314812299,0.4933440084079687,0.6955348258718236,0.44419445233780036,0.773696729677646,0.5255822977116131,0.7753254265470311,0.33715702677253834,0.5224105948084581,im_106.png
0.6723550329836089,0.8007035671745849,0.6909630997220888,0.8045678177539342,0.6903644660188312,0.8025713887110667,0.5442153902531764,0.7676407424185739,0.5474298373762118,0.7802695236615844,0.5179148228861147,0.7730863302268335,0.36439970232716606,0.5562166979422901,im_107.png
0.7360838170668663,0.8216030149031988,0.7556588833791983,0.8299631189076639,0.7474965674551863,0.8215911210656397,0.561165479697565,0.7257697129698943,0.5332507892400801,0.7732882708825113,0.5369026267667891,0.7841408486256426,0.3255048610252888,0.6018004420925038,im_108.png
0.7452170990351559,0.8350182543832501,0.7677043876381371,0.8387136470457137,0.7635011973577472,0.8218289101486573,0.5826891573202332,0.785271968331571,0.5520317554332855,0.7688710279222307,0.5389073883706745,0.7843986943419056,0.3978145529293168,0.6334046734655451,im_109.png
0.7531325343808406,0.8314648250789091,0.7588230255860674,0.838401696801928,0.7652235518054177,0.8269061864561389,0.5883826650058134,0.7655485850598801,0.5746632808041411,0.7886444432049352,0.5676499946975537,0.7891328618630795,0.3136215874462909,0.6077224589636613,im_110.png
0.711179513597566,0.8261796691995155,0.7366063748325794,0.8371950071432112,0.7611966052813633,0.8496229708014947,0.5558344082564504,0.7905573920160777,0.5723354100039278,0.8013472155249756,0.5870490095588565,0.8055285551258256,0.4218009518513455,0.6230264647747964,im_111.png
0.7167657400977111,0.8299416334534324,0.7642448090735878,0.8554968492830295,0.7763578561233673,0.8496676523835308,0.5146865406974707,0.7306850624515057,0.4982787191782673,0.7744301632247598,0.5018647499745564,0.7756164428880377,0.2320108402605685,0.5780212238589708,im_112.png
0.7199476616326477,0.8245435785060548,0.7338777573730808,0.8305451384181303,0.741037944323374,0.8242190231833463,0.5776687266008907,0.7768485497669467,0.5477220152539971,0.7814052459845908,0.5323979167194749,0.7776504919238865,0.33393990014666197,0.6203124222400848,im_113.png
0.7449263742309551,0.8230308047449276,0.7418700999061623,0.8252091861300678,0.7650184450679822,0.8294671913084543,0.6308238690061639,0.8240513171683297,0.5825734905762185,0.800253142746591,0.5721484916520573,0.7957427946086005,0.4804759083298406,0.6623879033738768,im_114.png
0.741838407649605,0.8177838140506859,0.7532927676813609,0.8193830604939785,0.7581941201201647,0.816523150670076,0.6117703575485042,0.814916160770352,0.5892889705044386,0.7945092690527666,0.5651058600609012,0.7902098842779606,0.44249137662020455,0.6390335127429321,im_115.png
0.7478690271251824,0.8382959332589366,0.7540659422287536,0.8350443316384368,0.7746460169659737,0.8384217827837583,0.6275355806928017,0.8212909646108277,0.5636596121801609,0.80221364438697,0.5458101473944856,0.794952040927074,0.4550085755934146,0.685338931119246,im_116.png
0.7478688769744987,0.8486369385215402,0.7771929375441503,0.8493523738615676,0.8010873204033818,0.86477781606389,0.6522617478337893,0.8489824014287461,0.6018711558254616,0.8360798102439871,0.6060370075752639,0.8301377265129336,0.5942948100390192,0.7265963051929593,im_117.png
0.7324772273473082,0.8394433923328419,0.7456541341131006,0.8420255867410931,0.7512465430674243,0.8498743286241389,0.6144255655562288,0.8357737048884188,0.5786205484846849,0.8044076039195507,0.5491603220549723,0.8079303357227744,0.47170272061691887,0.6610481395324423,im_118.png
0.7069486549523262,0.822811784819507,0.6872877214578595,0.8344625922309008,0.6947399155719352,0.8285443074931905,0.6286163908909103,0.8225876279378049,0.5050754490890694,0.790397754492975,0.5053918197870316,0.7863545371960162,0.4612121470552141,0.6631509017099003,im_119.png
0.7359774909092046,0.8227124367954394,0.7444236761471278,0.8210350135718734,0.7659050169114483,0.8344794219984174,0.6220885478030886,0.8231699831212336,0.5784407783640709,0.8018729705427727,0.5416805902432071,0.7937272789749289,0.4730052081178861,0.6915089384771648,im_120.png
0.6937620150247704,0.8112367369077232,0.7528626484078703,0.8371113509146607,0.7804689924641076,0.858063317801848,0.5210957416372763,0.7374776585297467,0.49221256460108714,0.7671011682864217,0.51779606232087,0.7784867918545034,0.2810040186188417,0.6012779458660128,im_121.png
0.7084411403347313,0.8241404175560729,0.7181263291988137,0.8382839333713947,0.7535722564841177,0.839212349576295,0.5754247769398229,0.7597466048640107,0.5311961000685614,0.7835976586667118,0.5459684517416888,0.7823771972061005,0.333773814329196,0.6188831102208879,im_122.png
0.6929389945610305,0.8120282796206204,0.7249136692557475,0.8419324074869105,0.7589425452879914,0.8446517407989388,0.519830191008586,0.7451201617509693,0.47225318312242365,0.7601746956933699,0.5025754062141096,0.7688909186896823,0.24165819918143644,0.588641026992345,im_123.png
0.7043886374129232,0.8185188413520567,0.7307799011077357,0.8257384319021874,0.7386298323903462,0.8239017741071774,0.572522671778686,0.7978167458935791,0.5525980433111407,0.7934090827851804,0.5427008903789459,0.7893373647481416,0.4125337322955492,0.6292425379434988,im_124.png
0.6960926994277646,0.7955961705839997,0.707073724019826,0.8051922269563135,0.7132403226225615,0.7928087395071415,0.5757165333812193,0.7776014347683381,0.5449096588896907,0.7812417732417544,0.5212341743827322,0.7758186637278432,0.31608507229741833,0.5722294645334789,im_125.png
0.7066633631549328,0.7987050813792484,0.724857406720697,0.8137207075947007,0.7329622608566051,0.8045842559098182,0.5839058044541607,0.760645296189097,0.5236198365110762,0.776477166402969,0.539647791386008,0.7742473920152392,0.3193775647186966,0.5711060146379141,im_126.png
0.7158369502930799,0.805338180878346,0.7252217511398428,0.8206321014999343,0.7513879067064521,0.8239542602381864,0.5592831381693291,0.7574754012066385,0.5396808123639278,0.771002789723444,0.5414031931619933,0.7691679331193477,0.2350315182615493,0.5660751050958558,im_127.png
0.6960067711011472,0.8248107558201565,0.6723546430233752,0.8138296349371578,0.6893781916492971,0.8222592162115849,0.6064649393993461,0.8103813782594107,0.513054095213574,0.790643758557956,0.5170258005928547,0.7906767920937993,0.44055424559928985,0.6425742517274117,im_128.png
0.6645847442880997,0.7836636806413644,0.6591085428368637,0.7679565070652535,0.6410832022954582,0.7524303463902172,0.5852216693534981,0.7950542059012611,0.5195001626615944,0.750612288468182,0.5159366385697445,0.7556078726703555,0.4266929137587986,0.6127897265683205,im_129.png
0.677779691089327,0.8090171295195625,0.6836291753073984,0.8147205711178845,0.6825489515173923,0.8111414802278988,0.546166431293543,0.7887887908731298,0.534165356172832,0.7766031521038823,0.536400395749909,0.7786279038482188,0.43110340033420863,0.6712989103523833,im_130.png
0.6721728627767599,0.8128944926493951,0.6863076934098772,0.8110983472553381,0.6586484351178147,0.8104638620044884,0.6064134620574753,0.8225567029989999,0.5729390222798776,0.7992697450437561,0.5359232836114154,0.8027244503090838,0.4716248403213176,0.6601320670390681,im_131.png
0.7304505728751063,0.8245343737930776,0.7443103246010251,0.8368201875945565,0.7466554798390684,0.8330681806145511,0.5586233110858423,0.7412959575027291,0.5689461947131108,0.7850514772464559,0.5602019700013849,0.7887468951760427,0.3215032458106895,0.5960523988985562,im_132.png
0.7153803603136942,0.8370992240790942,0.747872730487066,0.8484859070182187,0.7496856261786958,0.8362950039094567,0.5569982160757396,0.790885203481514,0.5359264731662307,0.7965022903813019,0.5268451662474464,0.7989789369999253,0.3796896076030411,0.6377373069839217,im_133.png
0.6577943802331406,0.7933632098155339,0.7069527206238883,0.825531932804369,0.7550946721608566,0.8459885772711957,0.47005889015863084,0.6779312125712907,0.48644264714674906,0.7443972185287443,0.5155014939235318,0.752517670746716,0.20488561093954252,0.5278583885764562,im_134.png
0.7325483143611703,0.8118734620161746,0.7632808680317339,0.8309103345313692,0.7698913263579913,0.830481921283232,0.5711091728347196,0.7676669144211941,0.573481787178372,0.7827977945542876,0.5602605489745859,0.7846206332665525,0.35732805804107215,0.6194001438018847,im_135.png
0.7262640563922412,0.8254420336635577,0.7455422845648267,0.8349319413229926,0.735292216490962,0.8218291939011737,0.6078392337216081,0.818496677921143,0.52673941953559,0.8074695802578847,0.532169482574797,0.804337530253456,0.41197622772413567,0.6454038306606223,im_136.png
0.7096340753847932,0.8184455107824941,0.7378113281377113,0.8328131771540295,0.7725342149934904,0.8483405234938928,0.5195962318936209,0.6778080386598992,0.5214400504479072,0.7656074824498136,0.5304529475741755,0.7644852475649786,0.2927600103303138,0.56075945156529,im_137.png
0.7138520405477187,0.8212044091573827,0.7675629479937245,0.8427179487805743,0.7727885366595428,0.8348458974750617,0.5811901707389114,0.7756711326716429,0.5783619144582827,0.7985358117810801,0.550871766800108,0.7998131468625522,0.41646025311284557,0.614380795539819,im_138.png
0.743538091930408,0.828672735575827,0.76852026986,0.8386246527002015,0.746494228240136,0.8250670708457488,0.5962202323130791,0.8076014411841135,0.5717307318472521,0.7884690930120367,0.5635090876238258,0.7896567790995687,0.3836667939735877,0.6409439517100999,im_139.png
0.6231239063581068,0.7617946915605384,0.6892227537163821,0.8101585217539772,0.659167851890433,0.8061490194241412,0.5997793645631929,0.7554568207886331,0.5308687101437551,0.7328573669784829,0.5087545621976356,0.7297004868105971,0.27357999446029624,0.4926935705873597,im_140.png
0.6018957095103792,0.7519967763818037,0.6237395318362547,0.7857982103000205,0.6219700072700987,0.771784522547043,0.5674586630392711,0.7473058786414144,0.5201077581826248,0.750653712168037,0.5144677184018599,0.75470928383945,0.22985868181033878,0.5356232134875931,im_141.png
0.6413002404405966,0.7326397352593962,0.6978616151933562,0.7779103430740194,0.6018780507577633,0.7393739028309105,0.5685455387816467,0.8311920460847371,0.503294353932073,0.7628292309858219,0.44488673371027443,0.7481896445866577,0.4054724065124139,0.4970033512363721,im_142.png
0.5996011882051497,0.7221229992753765,0.6553927198017128,0.7568955378559461,0.7093801532223842,0.7630472472820816,0.6067709909066304,0.7888967302073028,0.524883239509578,0.7600143046381168,0.5029281475247066,0.7324256866433128,0.4510776295924107,0.5395758259087596,im_143.png
0.6793751365591625,0.7783790402868085,0.7180595615412356,0.830606283909175,0.7085582102760012,0.8200723363036031,0.5770283030217952,0.767379257524774,0.5407991178431355,0.7714558289668871,0.5302547989539029,0.7628003903297311,0.3782188774112669,0.5786062047695975,im_144.png
0.6414876219752658,0.7741739408173743,0.7087962653114892,0.8058696182177889,0.7048015695635427,0.8064667698907843,0.5361503985328466,0.7534983673483822,0.4980881479613379,0.763350287606545,0.5040963812301301,0.7544213427275999,0.3397265573438073,0.5567392838251455,im_145.png
0.6658128447609177,0.7712464186780461,0.7168826987156084,0.8070947041432486,0.7225834075037767,0.7964080559445978,0.5736064624167072,0.7394283771643404,0.4977407537282759,0.7530214830008201,0.5184852816350937,0.7348968681904658,0.30933843088046037,0.5744748457460447,im_146.png
0.6130609502627781,0.7559960817962849,0.711948542095072,0.7997176699084837,0.6973286384411435,0.7942818396638708,0.5324778736526065,0.7198773060030966,0.49403636171803333,0.7403661809114235,0.5116490006957171,0.7296035322623808,0.2900599418555744,0.5296350722365344,im_147.png
0.6335769219624051,0.7763967116789179,0.6578118590205675,0.8110497153439227,0.704383120625012,0.801012418692671,0.5963579109010977,0.7699644323108757,0.4726531015496456,0.7371700458577519,0.5147792486691402,0.7505516577150471,0.39438831541902686,0.608369977736837,im_148.png
0.6408874575319252,0.8039040957698659,0.6997997461365751,0.8469687762532192,0.7006638022947904,0.8302374477352882,0.6495207158113419,0.8188681483963419,0.548844442554953,0.7676892112603798,0.5903987831610467,0.759146282970432,0.4964977753597369,0.6323395489624148,im_149.png
0.6092530232700336,0.729264080726737,0.6862189125327235,0.7788348542281318,0.6981121190520109,0.7750315185960168,0.5598602082176306,0.7072750952467948,0.4514068162636734,0.7213279944406116,0.5209304676620721,0.7161654350176614,0.26984689275511076,0.5035607146382017,im_150.png
0.6195190518438513,0.7534996070907011,0.7188137304810011,0.8158348269858825,0.7453667128364422,0.8134132520479731,0.6130637465211087,0.7877034955092862,0.47359889277519324,0.7297964562491009,0.5243584524708622,0.7263070277767077,0.352089627720995,0.5894650923060585,im_151.png
0.6325981255076498,0.7654363566008435,0.6930475433530209,0.810035806324535,0.6461639397660331,0.7875829620104313,0.5977725965683709,0.7713818123879583,0.5371680244000916,0.7686076028945804,0.529316868808186,0.7722422592837362,0.286989254139889,0.5114911578970583,im_152.png
0.6130124246782955,0.7568435082602366,0.6794005592063346,0.8163383118315577,0.7023724069256613,0.8259602976236243,0.5449005224865564,0.7535284270038638,0.47822422908542117,0.7586243007867554,0.47960091376356484,0.7468040834222693,0.2129849035241142,0.5110531329232655,im_153.png
0.6297669134829817,0.7754278407781324,0.6830963070580574,0.8136030492142539,0.6943898064794151,0.8294041809028772,0.5626247036174439,0.7433349401926952,0.5138089580131318,0.7753688128219078,0.5301313657779912,0.7618280031269083,0.1918021417564005,0.4734457765388102,im_154.png
0.6089276441680606,0.7776059974691403,0.6596827462908015,0.8085264761014758,0.6814692031155446,0.8071595930077528,0.5202470973742918,0.7439766007836854,0.5375150523088154,0.7711694299105579,0.5353490267087324,0.7658932647572108,0.1785924949851329,0.5036864116843813,im_155.png
0.5816830143625195,0.7154628549795362,0.6571568718096746,0.727793661019256,0.6574097480638174,0.7039409750077253,0.5792799780388458,0.8011215767588787,0.49004721497644205,0.7695240813472113,0.5222229954666,0.764628095115477,0.1824203555576792,0.4947249097318364,im_156.png
0.7336019799257891,0.7964383406361785,0.7740421201838327,0.8383976073257977,0.7693919246603511,0.8210519211838149,0.6700204092414734,0.8332906132383852,0.5806187463705454,0.7777742662568485,0.5805475881705164,0.7705336208300071,0.5608336663903979,0.6672534409370547,im_157.png
0.6598799210305722,0.7839626756489337,0.7144828197299952,0.8042451471539517,0.7213197195441785,0.7963683590117319,0.6061824718940176,0.8140906720294411,0.50001904745429,0.7664569152507019,0.4970940687245676,0.7488500408297948,0.34925014875211235,0.6170767485389591,im_158.png
0.6793450910203204,0.7725905781747007,0.7179913681070174,0.8049556432554158,0.7237288402465919,0.7935599719757962,0.6061707785128495,0.7897267920340859,0.5278695807498971,0.7705573130136901,0.5257183499023739,0.757972376465009,0.40355335317491864,0.6121600913826822,im_159.png
0.5957020034926997,0.7123174162086062,0.6187967047637216,0.7335498447618043,0.5855600671707047,0.6977467108546862,0.5825246222185941,0.8110599622207794,0.5216769693056187,0.763194310763119,0.5084176270426468,0.7460822343949622,0.23088097105872987,0.42875651564550793,im_160.png
0.6242110180636664,0.773373772895496,0.7030568472811232,0.8355772329226405,0.7065254602065907,0.8408981102352439,0.5657920275811308,0.7713134962902611,0.4876608381376869,0.7729334180157824,0.5073182565843292,0.7617044336012827,0.28650609895713236,0.5310299573621996,im_161.png
0.5941998744004834,0.7737923286937829,0.6709160801221895,0.8200780166159743,0.7163929236444032,0.8413221832294838,0.5460908593677083,0.776670156198663,0.5207978860405779,0.7548383839006997,0.5000947633607156,0.7490970322691543,0.2444691579985187,0.49759891054505684,im_162.png
0.5351064838554591,0.7684178381075162,0.6447508169016927,0.8174220340596975,0.6869895165342799,0.8324852832021994,0.5340867882755087,0.7322910755517438,0.4896545287828239,0.7731934813188724,0.5171418966146337,0.765912328349296,0.2394892529852235,0.4932123071313793,im_163.png
0.6085553568336135,0.7701499568883717,0.6525521901463394,0.7670653487992022,0.6549218794727177,0.7818898649159542,0.5385516798204061,0.7616409353772898,0.5194369709642813,0.771934980085625,0.5177598464101972,0.7674053907804819,0.18035802144803253,0.5630850970905118,im_164.png
0.6113133314915465,0.7918241999075399,0.6936826665028542,0.7947553846114475,0.6577098877545351,0.7987304297476716,0.5474447916879354,0.7760884336887726,0.5180696375674906,0.7646578949650993,0.5114379647294568,0.7558312534563513,0.28473536310818764,0.6127617846262124,im_165.png
0.6212955452553912,0.7705593620237404,0.6919755163066459,0.8048564099932771,0.6703482761588816,0.797637655195754,0.5537567189006459,0.7607627692553582,0.5136812696991663,0.7484046100030088,0.5258321193228761,0.7456721241138439,0.27269284662386845,0.576929841131669,im_166.png
0.6415148309568613,0.8043205963570964,0.6835393752660313,0.7857529510371167,0.6579598108877377,0.7939226868131359,0.5906209272679299,0.7868879724851312,0.49476472677329586,0.7914355565257583,0.5592200604910346,0.79468911226237,0.25163312875728505,0.5549604371524063,im_167.png
0.6963780918296031,0.7832800327295709,0.7399550411623079,0.8132435720925484,0.7374449137347397,0.79896194368142,0.6748696344621218,0.8200913217668605,0.5680960295038667,0.755968651846627,0.5589784745743557,0.7409098204913104,0.4509022066245485,0.5361280141351551,im_168.png
0.636116198829104,0.7704976127181463,0.6588501067044026,0.806453007115248,0.7016925952566729,0.7948166153189541,0.6350256839397831,0.8008399095000301,0.533253929483325,0.7627666704737928,0.5573728292966736,0.7501585756108436,0.37304713872336276,0.4994414375787981,im_169.png
0.6679983362635749,0.7867759484601807,0.7028641822585361,0.8413718482648297,0.7310186792507785,0.8133452855847101,0.6286314542514939,0.8195441067830801,0.5330550013884088,0.7723015295808088,0.5581293412599989,0.7589684011815847,0.44218263712737566,0.6135203163247462,im_170.png
0.6181445379203118,0.732493971178055,0.6807818189775595,0.7587725398904808,0.6447815669129815,0.7256195120604334,0.5621612540134632,0.7814258490193704,0.5297861058439055,0.7658983520688852,0.5126539955061619,0.7595804131857841,0.23252565683282514,0.444967464139219,im_171.png
0.5850643264339055,0.7597046867065107,0.6641119059891383,0.7935992070603832,0.668586866530805,0.7964815442508445,0.5375870866066957,0.7581856386313944,0.4887306879147156,0.752303082883028,0.4951704394504512,0.7383996746966386,0.2578059261615935,0.5495189537764696,im_172.png
0.5825970857940329,0.7504742162150176,0.6683443300113329,0.7905426255433295,0.6741774142584387,0.7887977354020297,0.5440129960869583,0.7389673162004068,0.4259538577255459,0.7366486911817737,0.5014026414222092,0.7351905729277826,0.20654641889982764,0.5033617865593802,im_173.png
0.6702664776600964,0.7625321535652535,0.6797968643724069,0.801640967664071,0.7050606969686581,0.806121549574614,0.6155519605176392,0.7912207106293011,0.46725263834495206,0.7441040758549683,0.5199352541668375,0.7526377069574243,0.3748272190868753,0.6076073203285491,im_174.png
0.5826355541197701,0.7327779661538032,0.6531028856486454,0.7777845565671169,0.663158646616836,0.7757777179599866,0.5443887768333935,0.7317879006533764,0.46371941497210917,0.7335067034120673,0.5343744225816007,0.7317953576834654,0.17324516068983875,0.49289925360781245,im_175.png
0.6648505705473637,0.7811419863478258,0.6945944386490744,0.823850675012902,0.7140602297803241,0.7991585762501119,0.641368649198998,0.8332960351560664,0.5529074132917231,0.7651475791027909,0.5503043091537803,0.7616042265942375,0.504635390326424,0.5953293421620167,im_176.png
0.6486454403625699,0.7807586427805475,0.6821003663629758,0.8285408431140328,0.6976096461131182,0.8169771578343941,0.6363957721658627,0.8180089290312859,0.4908222781420637,0.7711702131619231,0.5183014402484262,0.7667076575150235,0.3799230887876513,0.5988439220714945,im_177.png
0.6540786859151742,0.7666606612369422,0.7257118802420219,0.8212960339769253,0.7432760916156169,0.8177501068713298,0.6355029532214617,0.7828377837572311,0.521089676196741,0.7519361857124647,0.5668688781593304,0.7462555369330891,0.3229027831440444,0.602055943608434,im_178.png
0.6581530318089138,0.7658299702338077,0.6950269504374559,0.806159736044869,0.7073251321856169,0.8056253601085323,0.5942754849389992,0.7645704698874248,0.5344914699251683,0.7552566271239936,0.5453920896824757,0.7483122137766262,0.28677165408005084,0.568330234379247,im_179.png
0.6173799712626625,0.8043018533230399,0.6756436295207814,0.8272496584368759,0.7060742794413649,0.8272630596839968,0.6126042868766499,0.7959532704956533,0.5107516023798919,0.7562307416137459,0.5103082819090167,0.75037152370465,0.51605725758422,0.7295230432278857,im_180.png
0.7272086846422698,0.8103271462855928,0.7604844113657039,0.855874773350194,0.7711497063876582,0.8505609472712852,0.579306258964652,0.7852066191345747,0.504190829340134,0.776308853477325,0.5774317639152333,0.7807428469894527,0.6073625076843324,0.720991941689622,im_181.png
0.5007905999977109,0.8153708487114,0.5130371352859948,0.8447802456078893,0.5603199901677466,0.847817227763496,0.49965794281951265,0.7901956758602258,0.43572934425738724,0.765758401630198,0.422544269354136,0.760055981958157,0.3386004013434347,0.7068432737274088,im_182.png
0.6231211544552552,0.7820815436526132,0.6595940816515927,0.798398121204359,0.6899067116691197,0.7910480089736212,0.6029427638876048,0.7405986389662786,0.5418561658652744,0.73232030010808,0.5122172447771595,0.7385158521898295,0.4341165032116294,0.6726212064976816,im_183.png
0.7057942441983432,0.8525077193003181,0.7565160133276648,0.8843926777738818,0.7681109625592415,0.8854870612668634,0.6006510927500431,0.8287998202784636,0.4464469113744002,0.811254968787473,0.5253907957388299,0.8142112539609735,0.3407382938495247,0.6064682743095806,im_184.png
0.7094009931778935,0.8564862666193847,0.7329576671218467,0.8859070904692398,0.7674568191966573,0.8846525937528923,0.5796082951776343,0.8351639914225023,0.4624374202435327,0.8118757610722673,0.5100936664803661,0.8099173645888998,0.3707798715473552,0.6160557205641811,im_185.png
0.7022885556669148,0.8493237109841674,0.7096938935619145,0.8748358457464444,0.7276323403682629,0.870877624024923,0.5862319281545249,0.8212742406732655,0.45400208062584096,0.815780696460272,0.5227801251175622,0.8158725580328215,0.3560804555265785,0.6348927062068874,im_186.png
0.718041407340647,0.85336455277634,0.7423603451570523,0.8818639811169545,0.7743077032916951,0.8844671242516672,0.6031130294498915,0.8301050013436934,0.4409611391534216,0.8073913719428365,0.5195669316831051,0.8086648533918449,0.41655191899485994,0.628693093053165,im_187.png
0.7303000541859233,0.8385582496457263,0.7941708044064799,0.8721912045611621,0.7948312692644238,0.865034518290321,0.59895192143537,0.8080826494738641,0.47176398910318623,0.7980413946337762,0.527239262260788,0.8016471052051903,0.21311803458190912,0.5774567460574693,im_188.png
0.6225497908483731,0.8253864895475763,0.7144566984391599,0.8545555339111861,0.7284487865565147,0.8402864215365295,0.5355692458106138,0.7953654837087152,0.42950356504934084,0.7989586867433187,0.5199849086406021,0.8113509004583446,0.021752268426284683,0.6740470263158443,im_189.png
0.7227748306028281,0.8283610022687536,0.777253954893725,0.8599872982451391,0.7957912726750478,0.8645215407242718,0.590936440399009,0.7832952099094653,0.40872629585647363,0.7902230212738788,0.5266344528275007,0.7957092486871424,0.1912809095615639,0.5872095567466856,im_190.png
0.7333182969738481,0.8323143030890154,0.7948983707902408,0.8667544136089844,0.8072613701917327,0.8625100454505189,0.5971758125681927,0.8114807283659844,0.44506344253630553,0.7941530348493542,0.5443066207825245,0.8012091035380218,0.21396664930649067,0.5685780496509865,im_191.png
0.7217475077234998,0.8588574528275554,0.7417567980098787,0.8866120004378423,0.7619929904382642,0.8833397197139753,0.6154173477490608,0.847927568738973,0.5221381609603029,0.8166672412361866,0.5201094655124873,0.8117936168915199,0.41956560243504964,0.6646057313808835,im_192.png
0.703215692641582,0.8471285954889578,0.7542456026571599,0.8809435521768002,0.7401168369143205,0.8755828950391287,0.6071626427855493,0.8285287437036282,0.5031052970200482,0.8087197941241355,0.5139910144240549,0.794442489741561,0.38293670593460566,0.6527602351131508,im_193.png
0.6969792627000512,0.858382256625197,0.7208688763744917,0.8853966420929255,0.7426050389144144,0.8834143029325614,0.5871083988115824,0.8323517789331671,0.46580552780168466,0.8248730857481055,0.5172474676583785,0.8229987047514291,0.38978209144252596,0.646811897067092,im_194.png
0.6929566759040611,0.8544874001984111,0.7457760412680897,0.8915978903613412,0.7586050562709669,0.8868144799822808,0.587866503467303,0.8402198674425853,0.5276955161783581,0.8158081316673861,0.5241970957551487,0.7982712401938664,0.346756341213996,0.5947581677174383,im_195.png
0.7552313106685504,0.8479838239070235,0.7538252386570623,0.8759598694771363,0.7992817069848503,0.8780763234113318,0.6685224170898989,0.8521140500110725,0.4572345564758238,0.8105350340949533,0.5296539843548635,0.8117575751991435,0.41502339667301824,0.6834422711086542,im_196.png
0.7369218835633868,0.8522840663881316,0.7669889971515259,0.8813129357427806,0.8015072074311018,0.8803011753062661,0.6233893202614232,0.8452442647024393,0.45685299805589746,0.8081863847945256,0.5277957598005673,0.821012747623889,0.3862753775207754,0.6494238264435221,im_197.png
0.750082656495341,0.8485772408608389,0.763518815193485,0.875343741794848,0.797678676704554,0.8792659463297139,0.6747279040094287,0.8538367785464347,0.5410994204351689,0.8153065458186143,0.5669605037283657,0.8119616066425674,0.44934716385828294,0.6962673081918288,im_198.png
0.7562788172102236,0.8441579951635938,0.7744598012318883,0.8777149572150451,0.8058726714338452,0.8832647123006562,0.6520315504765178,0.842246222446187,0.4974767701288672,0.8131877111916881,0.5346230208657969,0.8178084701802985,0.4946691884449761,0.6742282991791243,im_199.png
0.5951594535662768,0.7607697449982319,0.6909775962216878,0.8321804127366595,0.7178764736962424,0.8258980686281556,0.5639817183639012,0.7494186321900788,0.5110523592408556,0.7543001251604098,0.5210884861486063,0.7511125221427863,0.2633078800000884,0.504219582897119,im_200.png
0.5420291063895256,0.7672491671376039,0.6474286064595416,0.8166622680542582,0.701537104503551,0.8366006359497663,0.527578907999673,0.752600619450281,0.5033349683531472,0.7582252637014216,0.4883058615566219,0.7421545056419835,0.2512582040205367,0.5236967970508634,im_201.png
0.5444629068681814,0.7536394584755441,0.655178686526008,0.8145218051916844,0.6922115219976671,0.8292035437998564,0.5257078089605806,0.7419600355366177,0.48399808510563846,0.7482989519975377,0.48467323636647,0.7451483278332,0.20398582865573703,0.5355190936959561,im_202.png
0.5202320439206864,0.7456271088195895,0.6660455295757493,0.8044464400981586,0.6967479274160858,0.8241889923904685,0.5180647784978303,0.7414566981095001,0.48630772652503484,0.7478534601373744,0.48779555996657675,0.7344952270713918,0.23105938082623598,0.5266545062080827,im_203.png
0.5939131329563182,0.777065366513272,0.70071700068157,0.8178769024957974,0.7368717596673177,0.8390245878570711,0.5066624786885194,0.7226902206833326,0.480351643222016,0.7736242377494619,0.5206659635149598,0.7435062862941172,0.24424616556794265,0.4870751083633378,im_204.png
0.5697867514585961,0.7407043355962902,0.66075598104633,0.7878971597449427,0.6741356928996873,0.7951411518578715,0.5419751797176849,0.7534426634201526,0.5115014509823418,0.7707806871888142,0.5149343637218727,0.749758520951831,0.30498022714101447,0.5504400113918717,im_205.png
0.5975115054130374,0.7712510653860422,0.6769246934069798,0.8186072228548911,0.7475503953317714,0.847932359552467,0.5189418523405062,0.7116710612705937,0.5284473009531018,0.7717733789389051,0.5184783540765897,0.7567668998909503,0.2327635840368484,0.4747881451840998,im_206.png
0.5092246374030198,0.7441199631865724,0.633747637605392,0.8060086515361136,0.6707838216414544,0.8233993738632935,0.4886915739130183,0.7393067926003388,0.476939639615602,0.7691895461939812,0.47122278955843766,0.7623782528921393,0.21835367723074456,0.5068228951291972,im_207.png
0.518874227484158,0.7157704394372116,0.6163648821787878,0.751259995425818,0.6175175469635177,0.7533622263968814,0.5071111053339185,0.7362153423136606,0.48815238722769827,0.7422834266338048,0.47489742549439096,0.7267805733222523,0.26487532438674755,0.5449005989571093,im_208.png
0.562586311081186,0.7432542160995197,0.7014551414709657,0.8012553214724399,0.7385369027643489,0.826016703874677,0.561030220787759,0.7708103312485687,0.5261270265026842,0.79625294804131,0.5045766394655956,0.7730246468538384,0.35007515440960274,0.5723154709230012,im_209.png
0.5305806720519761,0.7405936906149815,0.6425395590614079,0.7939221326500429,0.668531747824956,0.7947221967257798,0.4833144842484846,0.7125697747970459,0.45408469151592745,0.7532226086547824,0.47163762225271877,0.7358511312169963,0.31466262368395304,0.5239220604530352,im_210.png
0.5829312781584853,0.7484578914205793,0.662054365644792,0.7911984328934052,0.6526173430340706,0.8007673971126773,0.507257023059069,0.7569536350152765,0.42266033786964485,0.7674707281494861,0.4962816634232702,0.7727444678949786,0.23921377503209873,0.5181170063555801,im_211.png
0.5042109183432538,0.6732570789798124,0.6077700850994016,0.762427985668939,0.6169159461089764,0.7670252945553048,0.4883998381616815,0.673531649453153,0.464250235296301,0.7226902287174491,0.4751813544457603,0.7265622796220331,0.31675530298135673,0.5768451947942528,im_212.png
0.4853253504827325,0.6598011224306561,0.5588419475295947,0.760211894216574,0.5762773728140965,0.751166157848315,0.5064017147649629,0.6814392988770419,0.46575554718299983,0.6933540474281352,0.5053646151611794,0.6892159982429505,0.2835500099065303,0.514960674963504,im_213.png
0.4886888157493129,0.6971725010977186,0.5354553488287859,0.7515968237064737,0.5519445567214374,0.7484301080640934,0.5290042623149286,0.7264446082145758,0.49675968984981517,0.7328512374610423,0.4828578126717025,0.7248996004981537,0.21581534723502896,0.5114429956912021,im_214.png
0.5292105802953591,0.7374492427534586,0.6148100344170524,0.7961324474375872,0.6470509667870697,0.7987597905373258,0.5065528759131964,0.7506650811505252,0.4423524329546846,0.7620576857959059,0.5147564106460177,0.754006382706051,0.3442839904995355,0.5851321541185657,im_215.png
0.5457688326429773,0.7124781040763447,0.6665682263593806,0.7598782666783606,0.6622013349295501,0.7993319853066387,0.5504766075770662,0.7731889124888122,0.49720343901099273,0.7608245417998097,0.4771869504067122,0.753077452536573,0.24050066233471176,0.5118230833731848,im_216.png
0.53545057226889,0.7196973606522896,0.6363776037970588,0.7828161104799394,0.6732634021399208,0.8187456288883789,0.576837868733063,0.7593833185221268,0.47367644191320213,0.770699526114381,0.5166046347533662,0.7685406354805442,0.2547758376981253,0.5003849218637701,im_217.png
0.5503479451752133,0.7231439133434018,0.6060212044854089,0.7865639997049081,0.6006382661635684,0.7888286056269196,0.5385261679319868,0.7582635136690716,0.502561080115881,0.7663767537403428,0.5034548535362338,0.7534281962203728,0.2753994348225029,0.48427891657115163,im_218.png
0.5713183066159911,0.708789007475724,0.6364807075832097,0.7642264968966376,0.6520204147199004,0.7668597934552128,0.5887997613303878,0.7435634692683887,0.5234890434720094,0.7441358787275218,0.512410566739446,0.7422237996168455,0.22364350698307772,0.4897904081488349,im_219.png
0.560186629664556,0.7625134782836995,0.6603808629305709,0.8126781050087354,0.6555312764774085,0.8140607653210319,0.5694663748884415,0.7777624554529526,0.5102270389781007,0.7681932695320058,0.5099929523483636,0.7627375718067478,0.2450641860946671,0.5530776272682664,im_220.png
0.5574112933002804,0.7443507792714112,0.6804842211647454,0.8073044530975617,0.6845638727134351,0.8292410991196169,0.6169101654997656,0.8057277024947176,0.5075060933449714,0.7711651931127734,0.48633318626855515,0.7431011687556927,0.3444298336308781,0.6071638108782886,im_221.png
0.5700824431779666,0.7755873947036943,0.6505965179457914,0.8186961967813107,0.6636959946931384,0.8111406173475652,0.5847458933359221,0.787173474350766,0.49912273886597297,0.7657439073376195,0.5174261697028234,0.7611860805944705,0.2512114629397531,0.5509647250454028,im_222.png
0.555630083728337,0.7819896882395956,0.635647612747865,0.8177483962388721,0.6576094193308665,0.8360684313312584,0.6354050537446748,0.8166777287784702,0.566321418629155,0.7944339012352977,0.5241096931836928,0.7838331161306259,0.3726734146927321,0.5903371654093659,im_223.png
0.5838007569728352,0.7762096653603049,0.6882391200553364,0.837585056198744,0.7118239863121358,0.8538648803879668,0.4912241681594841,0.7172892643326638,0.5201829190499144,0.773113180225525,0.4976366595813093,0.7701094337917463,0.20020917906366176,0.4608042400603745,im_224.png
0.6084856378867296,0.7728018863626994,0.7130154958998679,0.829362867380234,0.7260859866979538,0.8363047170628092,0.571978719188449,0.7572009675655065,0.5283598714855801,0.7717153861946935,0.518570276287971,0.7515721850032305,0.21672092429372494,0.46424439510426957,im_225.png
0.5960116226433143,0.7340663006989825,0.680566344315904,0.8156952226111384,0.6838054427259385,0.802277934481706,0.5941100099332134,0.7671202429237242,0.4880478887618737,0.758367658395003,0.5089930064372346,0.740986300783128,0.29998291245027847,0.5198135752226067,im_226.png
0.630225278868102,0.7596923727717728,0.6871207079165094,0.7900436799214231,0.6939865127413093,0.7969481054803967,0.5808058509384174,0.7414540769934008,0.5472727782850966,0.7602406119062817,0.5439290270140831,0.7524399142167734,0.3022198902555839,0.48808204201552313,im_227.png
0.5726532900714583,0.7533979956209079,0.683861831895593,0.8167098144686388,0.7018282326412381,0.8338776554495688,0.5443013099126853,0.7554223999726254,0.4970667677563991,0.7736164862248601,0.4994644192998021,0.758013769472885,0.24952143795127407,0.5412146403869491,im_228.png
0.5481573369417924,0.744466934922166,0.7202582052752455,0.8232044521489742,0.7426020041895076,0.8456114131908958,0.5105565829006528,0.7478977495831498,0.46382582465244265,0.7659110211856379,0.4919536730857915,0.7505459180846764,0.2570534585554642,0.514002838253401,im_229.png
0.6060711230778326,0.7699465598508202,0.6937916160751905,0.8403395867643506,0.695355195285691,0.8365585431088352,0.5589613997135643,0.7883973588688128,0.5090638412369775,0.7737896686755548,0.49256900212783006,0.7423340727527376,0.48038957834740553,0.6646612439927311,im_230.png
0.5634075948681665,0.7456590367410998,0.6974571261331183,0.7975172993187934,0.7170856635449641,0.8240756105345145,0.5349991537536003,0.7082060355104154,0.5347832433249448,0.7442361895542292,0.5040777565923071,0.7327511309062658,0.30773317010051954,0.519391529945152,im_231.png
0.5195508254421757,0.7500356658216574,0.5447255462911024,0.7698597903498794,0.645326676842776,0.8056268630683132,0.49714286635053023,0.6802120787915539,0.5332868601373266,0.7752946750329117,0.5278751095959705,0.7621934693620425,0.329608935777148,0.5704044418579992,im_232.png
0.488351936413574,0.7275474891807449,0.5346845515459644,0.761762804077778,0.6337483965195829,0.7857193270378876,0.4710676932443829,0.7103526590484436,0.4424386988164925,0.740674998249933,0.4719881259438332,0.7183089370070093,0.25023704171255556,0.5566642232985523,im_233.png
0.5126184491301518,0.7337150639050396,0.5877853175048667,0.7763970071475617,0.6083939248838097,0.7913401453754115,0.4687222443948333,0.6890303772717189,0.5139889078035849,0.7401187825412856,0.48853433038139094,0.7334235634137178,0.26366199941731344,0.520711044586427,im_234.png
0.5374224510607578,0.7411974134584812,0.5351222559238391,0.7815614548718344,0.6517099718702392,0.7942290979068919,0.4970412325836704,0.72661738461024,0.5423999180643616,0.7705256793703523,0.49852023489041014,0.7420388570338063,0.2275403902623157,0.5661027925659073,im_235.png
0.5814492927094066,0.7928334138826056,0.6915224378577174,0.826722078001385,0.7022618053793632,0.8487015746428316,0.574272512065122,0.7986828276986457,0.548238268188228,0.809796497314698,0.5045174270255585,0.7974379144848833,0.201037270096958,0.5669987672758235,im_236.png
0.505724164626565,0.7792020372916808,0.7229000839607884,0.8422491836949721,0.745640214581822,0.8473227940676195,0.5582729900547438,0.7856264968646611,0.4745064916821894,0.7877194244348711,0.5276159839565361,0.7791895096665231,0.1739693956127378,0.5775871457033894,im_237.png
0.5417041176888109,0.7930182291271564,0.6833194422737979,0.8337112087625884,0.7637087353121152,0.8623435491616401,0.5306582962817703,0.7930545714183269,0.5189055769793517,0.8006063079026575,0.5116700738178049,0.7815906994603667,0.11310627282679285,0.6031250535135667,im_238.png
0.5351504919585787,0.7951488153889489,0.7034704987604204,0.8369509683913513,0.7249950568509711,0.8530889905923199,0.5484172506318624,0.798516227799297,0.5291100789553279,0.795448467906568,0.5230752283678284,0.7787868201432995,0.19596617209355677,0.5981543223360788,im_239.png
0.6327072902080251,0.7842880655533404,0.73436499930597,0.8415343184146685,0.7510191294175426,0.8678039851041724,0.607141727814732,0.8212865210729223,0.5523278072319932,0.8080268021867095,0.5359909343862389,0.7987000637721094,0.33108382374316625,0.5832871443294222,im_240.png
0.6729580006046347,0.8138548017648085,0.7522501469726697,0.8609372482361303,0.7934325641696769,0.8703735563307516,0.6074206343492885,0.8235773563737981,0.5496115156642183,0.8141551422966342,0.5376823985850048,0.8062056648380717,0.27919451433285936,0.6092473423385524,im_241.png
0.6592547583250363,0.7951899926391471,0.7205333504637852,0.818478053763991,0.7038683373958484,0.8295788852904395,0.6358693626673982,0.8356978146377856,0.564743524489767,0.8153447049759918,0.544111254314348,0.8040152861288069,0.3549327106105487,0.5648603073789595,im_242.png
0.6994261988560604,0.8271478987952129,0.7651031230292695,0.8549950230225416,0.7682414016264253,0.8495067534118054,0.6516913317471464,0.8449215336248569,0.5768543236531412,0.8365585457889494,0.5891461421181047,0.8251885333147718,0.4655373583803909,0.6289243928698816,im_243.png
0.6211571704450515,0.7951353087178042,0.7089732448461938,0.8238131411742079,0.7297231306203522,0.8540703759543781,0.5963927886895481,0.8278074015352375,0.5426125773502622,0.8090551516693478,0.5057121978555765,0.7915529115159201,0.3460270215695632,0.5524785683360915,im_244.png
0.6312271109656794,0.806909494179161,0.7187714517135287,0.8560890272832165,0.746742547827605,0.8661829802034121,0.6128787133922271,0.8275051535032079,0.5464271085473421,0.8159943347359555,0.5451999911837353,0.8089148434091709,0.2929823600165853,0.6076526277093284,im_245.png
0.6460334720357366,0.82171978689609,0.7404147008925244,0.8488336917385079,0.7382334287604971,0.8520846178693627,0.6162567163970593,0.8453556149010866,0.5467863002084867,0.8285340934981471,0.531902151649295,0.8196243645661191,0.3174071698093656,0.6188021067394638,im_246.png
0.6097638301700034,0.8080132853059846,0.7428737377677623,0.8535490344610351,0.7547916197353559,0.8636147293312332,0.5723953055457851,0.8096326237310041,0.5175584416975463,0.8029092029377993,0.5241568747900557,0.7911258523919976,0.30397080219050254,0.6125856883089174,im_247.png
0.6319873077516086,0.7700829838716424,0.6523354624028156,0.810499532726687,0.6742717582386687,0.8243004605309442,0.5480503794908022,0.7419624743847753,0.5098471900084312,0.754531735138118,0.495121607806018,0.741875077576539,0.2207097705819273,0.5259880206472753,im_248.png
0.7058820969313184,0.802427603171985,0.7659920987685368,0.8537360842717241,0.7365632177564163,0.8387836251428251,0.6725018810382778,0.8536789679057509,0.6264610338324139,0.8199107201883692,0.5766634684749705,0.8147233929338858,0.5888471011879606,0.6072058198299495,im_249.png
0.6498033146923065,0.7698974529428659,0.6984987103994471,0.8313702493344554,0.6641695696183538,0.8302803946394552,0.5469490524471932,0.7587554365351733,0.5509073801662199,0.7744424846037942,0.5355132756817761,0.760857503331755,0.36988128333837317,0.5498019605723115,im_250.png
0.6905640464432247,0.8222065640515386,0.7383221192620396,0.8591441870194754,0.7191580719122981,0.8454639364028765,0.6111286050193869,0.8288689508671844,0.5609612156067592,0.8182175754316009,0.5081585608169225,0.7925256675415007,0.541739526143169,0.667459287015356,im_251.png
0.6188484343800001,0.756064468210423,0.6842994515257531,0.8079813313931385,0.6886022546187988,0.8071919731450334,0.5808970445451094,0.7983451095661029,0.5750965273442892,0.7834972718343979,0.5362474533884872,0.7670052044618411,0.3426491720804526,0.5090619866796435,im_252.png
0.5547627416844093,0.731771547738548,0.6734707730414008,0.8031673195142713,0.7137033243897116,0.8277057597478995,0.5006421992976801,0.686868972042636,0.5198275057320009,0.7333207612812643,0.519740991032623,0.7312310334307917,0.11774835579573167,0.517268909574785,im_253.png
0.6049977979987515,0.7118909465083103,0.6333602096056211,0.754427089500307,0.6651496467595739,0.7804319509887111,0.5099455216997031,0.6217671315861546,0.4835979952214867,0.6846198373405686,0.5025736593410681,0.6803596791831119,0.16610573470617776,0.46399689882822637,im_254.png
0.49920510392607137,0.7011618957223249,0.55568416431883,0.7552653381515957,0.6245632396606517,0.7871608286223091,0.45489750320925226,0.6441325109829502,0.44426938843314934,0.735449854245942,0.48576471343423916,0.7177238981811219,0.10987230179563609,0.4673452820847137,im_255.png
0.4977298073892615,0.7406277617608702,0.56018808353256,0.7808053463121358,0.6464269858271116,0.8136926911069583,0.4931391879943952,0.6829508898965915,0.5012520679701876,0.7425881809710729,0.47471662858557717,0.7266708226130872,0.09061350340682121,0.5414434250778863,im_256.png
0.5644809087751653,0.8073389917724405,0.6183101283834783,0.8391463428164505,0.6235594559479938,0.8472492160740238,0.4233662986519564,0.7238560919099627,0.4608654687730382,0.7643726032340619,0.4197646452343395,0.7218674066076508,0.1777283353708555,0.5814858097646532,im_257.png
0.5095763365796026,0.7640550071534568,0.5383247753145691,0.7801293179229121,0.5987629458992975,0.8092582493151796,0.4321302125082133,0.75757838618823,0.5167245500812688,0.7676780245910161,0.4950032587525272,0.7579405486066106,0.2065697425167595,0.5773699834918273,im_258.png
0.5683293156749355,0.7854963494001779,0.49293558380287156,0.7469578585943804,0.585683033928942,0.7942522395108338,0.4862966863889913,0.7437955723739234,0.5362373267560945,0.7611344152405232,0.4835473103268052,0.7355369822682859,0.09220849572394293,0.5300241069804305,im_259.png
0.6533180329093534,0.8399298429774387,0.6654969571572649,0.8594019964974882,0.7024406734263028,0.8720624346083207,0.4877453300050315,0.7393172534262267,0.5550337358308405,0.8034153966487213,0.4406451477506085,0.7682084010937871,0.2840416134830739,0.6413127354981307,im_260.png
0.5681222766414953,0.787133245994198,0.5759155350672599,0.7691393770576659,0.5937451544431277,0.8131342338122642,0.4914273949782479,0.7432272042262233,0.471411853163376,0.756144429629278,0.4812826792312554,0.7439846333824787,0.1280490277818857,0.5465612443376109,im_261.png
0.7340652701213406,0.8590177224911771,0.7829872713041004,0.8847492574458148,0.8034096285544091,0.8920158788498843,0.5129946933285774,0.7423936684324589,0.5708277909999261,0.8013551242216267,0.4825630151623567,0.7665146917896429,0.30766370671044313,0.6486342526485188,im_262.png
0.6008096979602272,0.7814555343751332,0.6445409519917373,0.8267374297082967,0.6496221401169782,0.832418323873607,0.5033960313520377,0.7484342230365412,0.48813169850579524,0.7614051786517447,0.48132373202403317,0.7260596737035725,0.14405365855946115,0.46098429150998654,im_263.png
0.5841273756555844,0.7697617078559275,0.6353832811639982,0.8169142966355113,0.6182468794122685,0.8011720322867714,0.5320203554848189,0.7703967672316231,0.5304946402005156,0.7763404789531212,0.5298889882873984,0.7655026523269235,0.3359221496701966,0.5713693930381829,im_264.png
0.7529182803513466,0.8126726888969903,0.7906833101917147,0.8542033610881167,0.8002540911951308,0.864109248998649,0.6289886039855676,0.8297939236354307,0.6790073524422714,0.8314146881966837,0.6407246635727374,0.7990022172776945,0.5038570066439478,0.6469387632088638,im_265.png
0.54097262004695,0.7288201423244178,0.5340186836655298,0.7468953040356114,0.5852500492385558,0.7683806861448808,0.48927609125019245,0.6914607599618715,0.47747285019662017,0.662116788633659,0.45517058734561266,0.6165024766015731,0.06565449923209185,0.4443431221844319,im_266.png
0.7627048809938687,0.8086494571973587,0.8071569586879856,0.8431183790850545,0.7806085357280765,0.8197993857736791,0.5610624609378978,0.7917117957024606,0.6425238046307042,0.8083198368851969,0.6510397613882656,0.7989880499223161,0.6451740583235966,0.6178949618579452,im_267.png
0.6743721658683041,0.8234531605158538,0.7393229888322329,0.8569672844240586,0.7444241109224459,0.8584397120481844,0.4985148657925138,0.7255871742341763,0.4886460175634583,0.735679882006932,0.47509150075390116,0.717688024717293,0.15065075602837996,0.5764518112180789,im_268.png
0.6935641401290256,0.8231292517006803,0.8190189204763734,0.8538937963244999,0.6197097159474476,0.815630797773655,0.45662963242889176,0.8445698596705309,0.6108488445283697,0.8255813953488371,0.5432569974554707,0.7801345962113659,0.3929297183469334,0.5541898577612863,im_269.png
0.5643881970970058,0.7541884838845441,0.5934096788935371,0.7930756230021964,0.6274089120476439,0.8195717582624218,0.4746817392208277,0.6930766419955501,0.491468425667339,0.726252824301203,0.45764279765915994,0.708685809078307,0.136418463958241,0.47153781917076526,im_270.png
0.6200314250913688,0.7029598179538606,0.6986628371451373,0.7698438735296577,0.7074577778630499,0.7973679497114512,0.579381367892451,0.683443424372243,0.5456031390831615,0.7195692634995509,0.5246423196670195,0.7021217018007074,0.19985954025502756,0.45027182577527586,im_271.png
0.6240390420228761,0.7337991926042697,0.6898577196479465,0.8081212511901031,0.6443870509569072,0.7727111488957247,0.5992873248157862,0.7943535595224499,0.5522413436979302,0.7824767878376158,0.5190481376636569,0.7662526284952762,0.4241333346832352,0.47686875231579373,im_272.png
0.5407640641712401,0.7523754351179937,0.6801929744837667,0.8113033776504633,0.6585286846632991,0.8054760158991715,0.5154921956533385,0.7360786887309501,0.45085371396347496,0.7489998396670777,0.49174531598125426,0.7466526444302162,0.11901948680965395,0.47384697188658526,im_273.png
0.7086242492620948,0.7840335113201642,0.7972854764604167,0.8564124694800012,0.7212083684090014,0.8162573569015432,0.6464746851116074,0.8135733225426514,0.5679074942525612,0.8181629601746889,0.5718696815804302,0.8059872480121126,0.43378005522401525,0.5416718614662585,im_274.png
0.5305402582847486,0.7438345059061392,0.6625018129783673,0.8090028952917062,0.6791171237124479,0.8222865686444306,0.5072519936484593,0.7113593573058797,0.4571152217279651,0.7358690890432951,0.4746687978481455,0.7245899255354192,0.13889350194713643,0.5013152738631195,im_275.png
0.5943169470302724,0.7272346059541106,0.6155691055518977,0.7665108483128277,0.6154777991419083,0.772956634809241,0.5664895328493519,0.7643398297808839,0.5457831503284527,0.7411374427558315,0.5494818878159871,0.719491028054843,0.2435121524055685,0.4979802857197489,im_276.png
0.5051676110373806,0.6824508802092345,0.6143857480143078,0.7290392432079323,0.6408550053005123,0.7901620962224483,0.5253516603222826,0.7016463962937344,0.4822235675392622,0.7174010501524811,0.5120243307026372,0.700805020048464,0.2040945606240233,0.5088954323390206,im_277.png
0.536000347832731,0.6898856309474195,0.5428936963663001,0.6774280307089728,0.5317718093958437,0.6897102043117586,0.5237429332863628,0.6912217606747539,0.5871301141935704,0.7448943698124043,0.5019066969864614,0.6804970413959011,0.16807396367978558,0.5687946740708967,im_278.png
0.45542772219574285,0.6856909447847128,0.4690857361967999,0.5794518500299242,0.48138762050065853,0.6712160878700929,0.4383632287968129,0.6639054394055519,0.4368282102473778,0.6878917285542047,0.441377757118561,0.6659028763879938,0.12102594780049156,0.5016588144881072,im_279.png
0.5913794719680713,0.7646861967168962,0.6803576553671352,0.8291849870525351,0.699185741889083,0.8269346451361768,0.5064335181212823,0.681183448549531,0.5042630701316928,0.746918099237864,0.4923726642693281,0.7250733666989988,0.12954890058954635,0.4838189316167073,im_280.png
0.4728977457232932,0.7382269768910437,0.610664882559008,0.7886911772754948,0.6608553028517181,0.8043239929663563,0.5098378711238409,0.7402977061974514,0.5068199092820187,0.7631677839425164,0.5152882503557807,0.7610630448643566,0.1576018774934991,0.5658299836342294,im_281.png
0.5700863645853969,0.769301187550869,0.6690500124449524,0.8146435721303877,0.6676597550888157,0.8159338202846789,0.4969194950637599,0.6609592313073321,0.4832297477737222,0.7039085971749421,0.4809678541153284,0.6935850945777641,0.1333868139822852,0.4852827375884027,im_282.png
0.4741977130856065,0.7608425923773053,0.5938337239787437,0.7949447808061721,0.6844334646481666,0.8186534650154343,0.5145564814373957,0.7495003360103573,0.4862902815180515,0.7721785369019336,0.4908151250081737,0.7633280607980186,0.15304389208605565,0.5857463205939396,im_283.png
0.6080261580337079,0.7341784711141485,0.695074711979681,0.7899569022902978,0.6856271926552522,0.7914017871477408,0.5527462506004904,0.6996824994103301,0.4690241075490161,0.7315221485471343,0.4869935181879721,0.7366720494937249,0.10490796307297955,0.4809644025411193,im_284.png
0.6156959404515097,0.7869839166959106,0.6958642920458145,0.832510440249631,0.7421414419909041,0.853726521708993,0.5200051538113283,0.7283442779638672,0.5341048678304525,0.7524859180738709,0.49354381180870016,0.7499882545527449,0.15000046447364873,0.5121243434544538,im_285.png
NaN,NaN,NaN,NaN,NaN,NaN,NaN,NaN,NaN,NaN,NaN,NaN,NaN,NaN,im_286.png
0.6636972891898101,0.7990996710457325,0.7657063214000103,0.8599923915722917,0.8010393893095401,0.8646010590547775,0.52335543238671,0.7087046133056057,0.4650554400217481,0.7654315076871487,0.4885055926296579,0.7470671372079775,0.1214153456333045,0.5121998696309334,im_287.png
0.630273640739101,0.7717120095805547,0.6471719875695318,0.8143076798444074,0.6522518852221633,0.835097642729818,0.5088971269567784,0.7348697193423736,0.5173449875072473,0.7236904821605357,0.4916193350878898,0.7074333523534874,0.20978489230184333,0.4718251062053728,im_288.png
0.5818944645228424,0.7193338573373307,0.6239374032455166,0.7812783935314556,0.6310430512127041,0.7699079866481243,0.581864678651107,0.7650837767185875,0.5323896347346964,0.7455967243636171,0.5095097147054464,0.7245607666718153,0.4476821106782508,0.532044334667442,im_289.png
0.6270432662387442,0.7829216924629334,0.7023621981536246,0.8195846218987376,0.7435807929813364,0.8319040368044063,0.49141659968842916,0.6812207320944057,0.5291996380736519,0.7300729654837839,0.5127553520156174,0.7178414142927475,0.15463844525333942,0.5070453751086751,im_290.png
0.6232830334160876,0.7497509680783552,0.6991865667362432,0.8218616520798593,0.6692815492613228,0.8145503140132945,0.531590772614708,0.7747644282000474,0.5229167882194596,0.7824876242541868,0.5393706801088383,0.770121952729697,0.3126845809494674,0.5620135826458472,im_291.png
0.6059939501278588,0.7174047615548383,0.6590982869133125,0.7606323176034793,0.6592102662066196,0.7638059531088567,0.557147466242941,0.7234888693951571,0.5010621079916513,0.6616985272877023,0.5181151755172462,0.651786358088939,0.2628903817337539,0.5143987811285696,im_292.png
0.5482637611781673,0.7821936937984817,0.6081557550989506,0.8266147509254599,0.5366927449302845,0.7967083994722608,0.5712855226317273,0.8219863322682313,0.4943208112132923,0.7909101496583474,0.501254890799518,0.7833432316602493,0.3281117699745452,0.5032702120902669,im_293.png
0.544880765370271,0.7310909650373134,0.6153813724790447,0.7974825734542018,0.599588486053752,0.7964669948518915,0.5040390659456957,0.7177588582150418,0.47426518817482816,0.7369936463333652,0.4759230140772053,0.726704739825821,0.22192351635077928,0.5279185708028751,im_294.png
0.6793969512687676,0.7628156018305904,0.7457134040819425,0.8380287733181426,0.7367110702185169,0.8116484731160684,0.6611384555697055,0.807792546898767,0.5678728478834578,0.7994174612250006,0.5551801517948208,0.7842507376217995,0.4457871959114194,0.6108734792031518,im_295.png
0.672927025944087,0.816408782975765,0.6177145429945003,0.7495072122614674,0.631316001306472,0.6999035444427386,0.5305931025738766,0.7035634289971536,0.5352937644685664,0.7146479358110606,0.4777635611891126,0.6707537417441402,0.18170181481099879,0.6094511394519205,im_296.png
0.6127139687239641,0.7324721968441121,0.6547093317780642,0.7774132952956622,0.6053449968988278,0.7303660349109535,0.5606556170735189,0.7784863694448936,0.52281713395678,0.7715302294009667,0.5004505589298025,0.7921382011578549,0.38416820981078403,0.5162692094018803,im_297.png
0.5668680776141339,0.7662631882177393,0.5523994013081008,0.776515318116969,0.5774490660908892,0.7707174784662523,0.4777326167022982,0.7075994573733355,0.4521486531425657,0.7163344852616884,0.4430277521489947,0.6816466749435213,0.1552416473712361,0.544390284898509,im_298.png
0.7010671042807772,0.7683279788464509,0.801406013336203,0.8356652364173358,0.7355290048004312,0.8010319191957179,0.6245390324273498,0.8289282891787544,0.5806636563768081,0.7942383324677389,0.5441280024358778,0.774607153727471,0.5076600272805751,0.5475337439357295,im_299.png
0.5608965620491714,0.7445886041862017,0.5812282629279253,0.763247938663098,0.5924574842276891,0.7680706170099323,0.44758996144057905,0.6677956270999436,0.46211280511151925,0.6951770342800505,0.45603550279053806,0.6903107654490597,0.08019851470956837,0.5272502290950064,im_300.png
0.7311754872898434,0.7775234623651162,0.7768130134385306,0.8229924110161319,0.763839699637491,0.8201435440900527,0.6274855075876058,0.8154647989775764,0.5808844767190668,0.7964259530769012,0.6112135220423414,0.7935573496773767,0.5414632365888746,0.5629803646057291,im_301.png
0.5966361838533392,0.7149807209828948,0.6611933639836511,0.76177480703472,0.6500278592093299,0.7652220596280863,0.5552970598331716,0.7625768724002863,0.510548418999479,0.7514863273282487,0.5222070582289147,0.7597128275680666,0.23914226075574666,0.45477872787473766,im_302.png
0.6605063921592541,0.7434990389651706,0.7532829324116257,0.8128405088385969,0.6953633214324405,0.8024058523254667,0.6481553428601037,0.8219136353228707,0.6058157707247752,0.8115196624880625,0.569377792685043,0.7911575575073607,0.43219586203315064,0.5312278103067625,im_303.png
0.6399155991659279,0.7932108895461132,0.7132906256591136,0.7986485756881864,0.6545926049548058,0.776690710280039,0.6042924570209524,0.7782732281989958,0.6061542386599504,0.786098142237846,0.5933435285581382,0.7710673393289507,0.30297417992808906,0.5122236069343681,im_304.png
0.5830570257797472,0.7685633148780797,0.6466888164707125,0.8137637765044642,0.6920163550337206,0.8480141078939841,0.482357091851233,0.6619903468071109,0.4924454356521816,0.7502523996727729,0.49132473771522633,0.7376264661498766,0.12269261049460706,0.5138082012156704,im_305.png
0.6560691887350864,0.7620123801794146,0.746124867144474,0.8076826937870891,0.6795985041440121,0.7760149097865116,0.6340117930307952,0.7979056040060638,0.571741591673159,0.804004558931496,0.6031002743835034,0.7793662921937239,0.36146525777993227,0.5292266896065293,im_306.png
0.5048517312152423,0.733854374774913,0.5776736332389851,0.779086778616083,0.6262776486322349,0.8164042817483156,0.45183577247049816,0.6894261482738563,0.44060775501285165,0.7194313775518932,0.461381540838477,0.7146637062919099,0.1383810754795336,0.5022048595192992,im_307.png
0.6505022165250295,0.809102450902598,0.727096878890762,0.8543151670499741,0.7629159609496278,0.8594476371927194,0.4953377236386872,0.7131276062715967,0.5492464479643123,0.7863122525840882,0.4982941410678883,0.7588220930562103,0.26218268552544527,0.5264824858624295,im_308.png
0.5019442935258113,0.747035703277559,0.5963234692400168,0.7551007442083043,0.6716728407683791,0.807416610484145,0.50273173248413,0.7306353167694842,0.5164234721109292,0.7565208730247815,0.5050567890250117,0.7506865561392956,0.15012645707146738,0.5187032303604341,im_309.png
0.5881227631846884,0.7608829621539981,0.6313307518481209,0.7993555530727103,0.7236971095477548,0.8441394221787961,0.4993901736927655,0.7362598928531519,0.5285514541508304,0.7612198926185065,0.5087238967419011,0.7453680735769757,0.19897445790908108,0.5132870950544022,im_310.png
0.5631004653205802,0.6365193555543655,0.5760080942262381,0.6713834021035104,0.5799513107794546,0.6645336613197532,0.566354138471906,0.6243729718188442,0.5506384579738017,0.6439381713335829,0.5247941753993864,0.6325650867553966,0.3345257224592592,0.5858666568289714,im_311.png
0.5931081906863229,0.7980250762405839,0.6221729190268986,0.8115698438490676,0.6369272958274543,0.8185399060658574,0.4626137959055206,0.6838634437894128,0.5107832071135808,0.7555080463802172,0.45722054724074607,0.7302903198209141,0.17790613459321422,0.5906205989732581,im_312.png
0.6270063655816288,0.80411354560994,0.6900422504416794,0.8427611589071738,0.7370198539786766,0.8601099620053289,0.4784012386930582,0.6866239562875617,0.5147804232943548,0.7760865732472979,0.4864816918870981,0.7452322529301217,0.25870123143561113,0.5259169308857293,im_313.png
0.5889756552711265,0.7907055582834852,0.6607304817784332,0.8334359557692805,0.7205188293228051,0.8527738846393295,0.47958989148422604,0.7439604591044948,0.521580933968967,0.7865957234194361,0.5072048571837746,0.7744969592717496,0.11833751216766226,0.5188316353016309,im_314.png
0.5587613858390569,0.7574177134930308,0.5602996778110463,0.7798367867755704,0.6798170449512645,0.8202624928366055,0.4511072559700006,0.7046088073574501,0.5111230379010112,0.7568105496127354,0.48976968083727024,0.7366481069894565,0.1197185408130767,0.4936071036385874,im_315.png
0.3466737281617137,0.7972775209501035,0.42675839901069185,0.8106548870349312,0.3511883836464263,0.8194684884638228,0.3846950422069101,0.7981207786401434,0.40446369496029766,0.7811673033706352,0.36710713600482253,0.7855952144423214,0.21121314362248372,0.4359307654721256,im_316.png
0.5566116543027839,0.7920981550955213,0.6227657231006474,0.8267128230285411,0.661897969685442,0.8347166473250082,0.45191843319818753,0.692602958619665,0.47576142435981994,0.7543222827852548,0.44808476111213785,0.7397976536145908,0.09810900042496797,0.5243901429872693,im_317.png
0.47853444975387865,0.7781936156782358,0.6356901677756189,0.7922713652882724,0.6900090315928344,0.818369319240345,0.5687606047708196,0.7732705673025103,0.5241170452508858,0.7901875446790757,0.5430748619228396,0.7736312221121799,0.11546117438815762,0.5654243608177284,im_318.png
0.5776299616545992,0.7815430788398289,0.6659401180228438,0.8251521259468139,0.6909407634173403,0.8386813035402665,0.49649644889584493,0.7055727223553434,0.4909648678076526,0.7338309963993105,0.46980010553584584,0.7194041333675791,0.18015606328440684,0.5356199115690881,im_319.png
0.5465769440334594,0.782068306873669,0.604416148803831,0.812086851273928,0.658005369746868,0.8320191951471281,0.4388853154723081,0.6555444766453061,0.47972775464218453,0.7479132250348851,0.43943237616553,0.7142008267712864,0.14011525982783898,0.5449658151317607,im_320.png
0.5147640460573405,0.7514867109965245,0.6553654368958268,0.8032593031081305,0.7009973992214612,0.8386053383528835,0.5008472011153898,0.7562255196356866,0.5243869056812622,0.7964413163457275,0.5213731341775826,0.7729918701472737,0.19889552505509345,0.5271275712408888,im_321.png
0.5403265475880298,0.781603916157444,0.6353429917627115,0.8330528169021151,0.6832394127132021,0.8430305403560181,0.46726672125798085,0.7165168684551715,0.504912293682725,0.7685273302565135,0.515323862944143,0.7547678070587001,0.1760844988511488,0.5537481841099586,im_322.png
0.47079719675852605,0.7553225932025125,0.5825006100744634,0.8187712628827057,0.6811268389497069,0.8336165711697732,0.5117638372048002,0.7738415765970899,0.5124074805681383,0.7645712048927821,0.4962957605824393,0.754477248790142,0.20265061987857247,0.5620158651591523,im_323.png
0.5891505614155953,0.7332587334442706,0.649595101494621,0.7992805024062837,0.6369732904214938,0.785019548948185,0.5576336774242229,0.7543248590658944,0.5314435159301681,0.7575833781120838,0.5175751158974139,0.7487443494026467,0.31587611619584205,0.48952143277548354,im_324.png
0.7192311933431557,0.8268538075403814,0.7800896565500723,0.8807952793313228,0.7550496575386683,0.8680763854714328,0.6539221213465009,0.8721179199677619,0.603461717515209,0.829972404599472,0.6081525899996263,0.8245318006514734,0.5316534376857882,0.6451829696626467,im_325.png
0.5973937213011613,0.7420453247825609,0.6138400072366191,0.7849268168257565,0.6217858595344037,0.8013352476391928,0.5338757438610672,0.7057291831027988,0.47822654200063025,0.7411893511974722,0.5018207294239644,0.7375096818016428,0.2433640903673491,0.5199847025710981,im_326.png
0.7747683739763267,0.8215384740033551,0.8069656912295313,0.8569368765098099,0.7711491664134499,0.8407254923007934,0.7252341060526012,0.861737040653518,0.6967250272498419,0.8468018320723187,0.6729623252039553,0.8528419018185524,0.598491402880544,0.6277428449765149,im_327.png
0.475849494547935,0.7266397893854356,0.5084144160122686,0.7596381255601572,0.5733960397291488,0.7745294079862969,0.5171223869326002,0.7303727552523712,0.505033184038845,0.7489734728182688,0.4778417010984668,0.7505831858164164,0.14249158149417204,0.5489183353845014,im_328.png
0.5533459290532718,0.7750465246362109,0.503129574026362,0.7894208057767504,0.5498574265507391,0.7939276973005205,0.4494091330481722,0.7116394351091021,0.4519457785908056,0.7363242076585752,0.4191928712638558,0.7276846044393801,0.17548507383605633,0.5473658271106037,im_329.png
0.5169002653732009,0.7395160011836022,0.5095972786953159,0.7464204500677537,0.5960853445626793,0.7866668710048218,0.4923970712822381,0.7169652137568807,0.5031429793566149,0.7466940975012569,0.48121042552803134,0.7373328049077285,0.13102428353942863,0.5197385642199486,im_330.png
0.6521466540036412,0.832674854017086,0.6844096327792097,0.8505604142692881,0.7672816461459573,0.8774731657324986,0.5004987268641572,0.715199314766967,0.5753868891824272,0.7922437903701858,0.4802728712855566,0.751407643845813,0.23514935520890612,0.6322331907562266,im_331.png
0.6355570362900342,0.8224909562091749,0.6568347530939108,0.8602881215063722,0.7100283138712111,0.8761760332015044,0.4801233537583187,0.7383372518456878,0.5800441836646966,0.7933686153748645,0.5330544654699282,0.7691857825286061,0.3105703274328876,0.5903111533004382,im_332.png
0.6510791324021491,0.8148760406505124,0.6000457547652827,0.7840361081369207,0.6739844729290176,0.836212572949484,0.5244444937776559,0.7195282417488187,0.6019822541915714,0.7790503834981539,0.49771445831489985,0.7424287232858839,0.2769924750913688,0.6157502877502872,im_333.png
0.604748356705772,0.8003948269623147,0.6276334297103711,0.7922838261280396,0.7172983180769182,0.8570394247397665,0.4886501825761751,0.7020334438655187,0.569690083110484,0.7804356303561586,0.519275346750644,0.7571406391975986,0.21791013139881277,0.5742626942626071,im_334.png
0.5460786795114343,0.7633419623193738,0.6074701992528583,0.7666898280557317,0.6832630081302932,0.8230082387439759,0.45535422483250704,0.7053538282515145,0.5156080610745497,0.7395014265986992,0.4859050126349187,0.7191590146042341,0.18529940603473014,0.5717761009021878,im_335.png
0.4707372507134841,0.7425975959460439,0.603298174129457,0.8191033671353083,0.6448089775521428,0.8328911590789497,0.47296246137043074,0.7294797265766506,0.44325545949556155,0.7499525961039044,0.4750456888945125,0.7449879482895927,0.14496238669599185,0.49718465191678934,im_336.png
0.5531906080817296,0.7651878231864155,0.6368369086926986,0.8100689950465283,0.6821528323181691,0.8335238913741201,0.49761681384420753,0.7208834659720531,0.48612063872188904,0.741427336281535,0.4547074349675372,0.7197142758608628,0.1951970635773225,0.5441184797529643,im_337.png
0.4941544207523364,0.7217961989393654,0.6356963053775745,0.7881253652068696,0.7004305081412593,0.8255436126873491,0.4924616899293951,0.7165013224755524,0.43106908190040855,0.7341325106921309,0.49819582196861406,0.7398647640853779,0.18724002937272846,0.5343594964571314,im_338.png
0.5366065435563936,0.7488775607898441,0.6272330204028579,0.8015479796184763,0.6942150426535582,0.8428452785118502,0.48720860015248846,0.6878276273729856,0.48901005174470846,0.7327042868368117,0.4812456133409608,0.7170267949749226,0.17100901449102635,0.5107225038662038,im_339.png
0.5624470244463324,0.8004653983913413,0.6471383215529952,0.8383369885940705,0.6524501135106304,0.8225124564591049,0.5462277281706502,0.7708504065028425,0.4127092046180654,0.7665926436248648,0.4848400726640473,0.7505114510511073,0.14796680261901454,0.4628199895495754,im_340.png
0.602431899323918,0.7727239323739041,0.6984613543946676,0.8298115757129837,0.7321445866055661,0.851955291918404,0.5176645387751904,0.7082020163936975,0.5024434399409882,0.7682017109315813,0.5173749836436575,0.737875600988861,0.17408063576869348,0.4758582830246637,im_341.png
0.6286534337932994,0.7939406743826548,0.7116035402209607,0.836581838465966,0.7615165958243638,0.858607130326289,0.5181363866675331,0.7107541261803597,0.5184858808236872,0.7616877296870584,0.5125537293340099,0.7547485513012692,0.10319269158016518,0.48831353672463396,im_342.png
0.673406120378585,0.8238304954347312,0.766679080378329,0.8610690731728394,0.7789292522655246,0.865088964773597,0.5017390892616788,0.7001381780870957,0.5682792429085015,0.8052467760083489,0.5064606541687338,0.7797314590787905,0.2906616418042287,0.5588337438755501,im_343.png
0.6591050718773983,0.8033188777058894,0.7281211465560544,0.8772204187521302,0.7319399095110166,0.8551980161612815,0.566646523943765,0.8390882387865785,0.48742825295295605,0.7885895869915326,0.5636030476373973,0.8100729515932082,0.5658876119027961,0.6733103279197852,im_344.png
0.7425759951686124,0.8249456959656785,0.7887773257884257,0.8564547438840093,0.7549625069999637,0.815223415916926,0.6216267864412377,0.8142370879105835,0.6190454389002382,0.7878428880439912,0.5943814877398149,0.7636961739669549,0.466670754967054,0.5618728176726777,im_345.png
0.7278669210071625,0.7881755999593433,0.788554645504094,0.8375100337013931,0.7844926727775583,0.8419523828453926,0.6556616382223076,0.8112635955570653,0.6551109412408718,0.8079463387135544,0.6501713747470194,0.8202183343694306,0.6129080911321353,0.635621260349179,im_346.png
0.6217603163061174,0.755867745981258,0.621826041748446,0.8071616952308257,0.6553665690520927,0.8069812533079905,0.5974714168304041,0.7662869592038168,0.5333084598172192,0.758912497161592,0.5276613209036576,0.7496053930438913,0.48169218173500233,0.6117894825027789,im_347.png
0.6276050782148418,0.8145973527470055,0.6297274397078024,0.8175662546756541,0.646369073753282,0.8389729532175018,0.5545929807843583,0.809002671395335,0.5163789032588916,0.7758555614166808,0.5004884620999787,0.7718021975391508,0.30857134447441814,0.5527454197967583,im_348.png
0.5517171380343986,0.5806047912144258,0.4507556611377969,0.6303651299817721,0.49128344844993005,0.7285309336131529,0.5125182730392147,0.6314267684707278,0.4173576980854961,0.6346799966075628,0.43123653349597135,0.5967999025570001,0.09408073130601775,0.3890106510473859,im_349.png
0.7851466335027014,0.8217168893150159,0.8011670339180722,0.8644970947354229,0.7729987701012575,0.8353871206242902,0.669059244644326,0.8503808244206994,0.6002723766470549,0.818941862878231,0.645542853060474,0.8043316790515893,0.6165757507667123,0.6418377355528656,im_350.png
0.6038606382716762,0.7310420980521862,0.6525410480354512,0.7781340192601498,0.6552077165040328,0.8156741508800786,0.5953773899460835,0.8108069780279795,0.5619184093290264,0.7943391961572986,0.5543341681127191,0.7830431427615123,0.47285565357219256,0.5617503980668171,im_351.png
0.42833933129924784,0.7239007218208382,0.4546309744135508,0.5689478869266588,0.45631668549855936,0.7304248077171854,0.37122015611368653,0.6875157674013521,0.36265380812171927,0.6973473084201375,0.41851694295337627,0.6593755362912336,0.1841734167956805,0.48714743705431895,im_352.png
0.6300704421025656,0.7138881654653264,0.6534687365824507,0.753273935822628,0.6464376529589893,0.7665633240363785,0.5670291868243065,0.741389985957386,0.5656649234515737,0.7471356388364128,0.5894516784930385,0.728753107285464,0.44683892154320476,0.5879878414092385,im_353.png
0.4461474099368726,0.6921557911708632,0.49631956103674524,0.6245918199282346,0.4922681771015393,0.7480683038384901,0.42504626948277247,0.7217610142606585,0.44444978366997795,0.6969123783011489,0.4212233333171673,0.6904763827179585,0.1747841254837807,0.5088512053112177,im_354.png
0.6572419891422582,0.7752162934690197,0.6720689148673548,0.812510711932803,0.6574209241214497,0.8090546446706491,0.6061506387755035,0.8096865518098723,0.5724062931031045,0.8140716254613262,0.5620432000837872,0.7903548369383726,0.5082041797768572,0.6064086746688543,im_355.png
0.6077910469135034,0.7416099595606647,0.6867667719758691,0.7977307713656263,0.6705499579964441,0.7918799437744741,0.5477950259958304,0.7260766440998271,0.4985399964417347,0.7572443429665627,0.5504825052001449,0.7642697195551595,0.2489217160252818,0.47658955299871514,im_356.png
0.648439054025566,0.7698314456397476,0.6714761873940255,0.8013413823260878,0.6793357055646435,0.8019709099291463,0.6274954789779493,0.8345539831035337,0.6233251176016752,0.8064784096760765,0.5973267188418848,0.8091732869206156,0.5898907567753223,0.610429928139686,im_357.png
0.6592950141037676,0.7318737928985318,0.7057256685626417,0.8243102688862899,0.6604459930246928,0.7754407830601916,0.584530324787319,0.79456656864386,0.5657524723953,0.7784964697843733,0.5506633360062293,0.7827758522791693,0.4560275054098187,0.5080587920641283,im_358.png
0.5556852922129158,0.7693215792103204,0.6094818656935668,0.7987376688133541,0.5810427931494433,0.7890747987020065,0.49456917964531105,0.8167904801585563,0.4986091248459315,0.7908152480626808,0.49619550718612054,0.7917632108577434,0.4411677814010424,0.625176938357718,im_359.png
0.486547217685897,0.7408400054514519,0.572920313927343,0.7788586574369388,0.6402897910903134,0.8063870393148235,0.47296777055897055,0.7205199670864064,0.4779465606293042,0.7500719923931092,0.4485555681798749,0.7452862154801895,0.16405063439492149,0.4896564880334868,im_360.png
0.6266114986856026,0.8127319161161786,0.6877157201059222,0.8488664821737083,0.6676368884021365,0.8488378727544513,0.5407444226249168,0.7520167629349016,0.5034632665148371,0.7564130619571301,0.5000166157511747,0.755026977126428,0.1271552082881191,0.5408061583620164,im_361.png
0.56070710766098,0.7771657196665895,0.6694623065771874,0.8323837965129657,0.7298614059319768,0.8577812708862104,0.5017043704623542,0.7222859267770356,0.48300666212832,0.7655624789741601,0.5126285173149533,0.7613898774666026,0.24032450737835376,0.5662912960876142,im_362.png
0.5784686853370233,0.7852439703082655,0.6783557292091398,0.8416939532094148,0.7071409088669443,0.8413143638603924,0.4810694207026071,0.7218259566814613,0.47899512222228074,0.7581427885648752,0.4568490605608839,0.7576801473575179,0.11054805247247125,0.5127506429345668,im_363.png
0.530671776528099,0.7726080071283459,0.542473047631003,0.7945762552313925,0.6112525336053669,0.8190568170932482,0.460978107647838,0.7005129497509524,0.5042218997001074,0.710487533532189,0.45511007091335326,0.6805386745503879,0.08623839713292158,0.538838965220706,im_364.png
0.48602739119588684,0.6961975267697262,0.48676806110927323,0.6620621242804419,0.4900896563879884,0.6950935186045609,0.4487783278125905,0.6738684046190286,0.44295086803964,0.6603715777447328,0.4393238192826343,0.6379621923842921,0.07213684827791875,0.4930543736075227,im_365.png
0.5290375553235719,0.7502855638194491,0.6333539981340676,0.7979014530053288,0.6827555536523005,0.8276183612681202,0.4682614420263378,0.6837806699005615,0.4916368776410789,0.7491063221210724,0.503725180808455,0.7370160856155444,0.17713871247040613,0.5171436082348033,im_366.png
0.5286809656099315,0.7131506493506611,0.563578889492796,0.721450777377866,0.6048587027260699,0.7764321443312521,0.47420376440907874,0.6719987731865867,0.4817459954588265,0.6750966332530357,0.468148193092266,0.6494996298750121,0.09497248920997677,0.4690198815808248,im_367.png
0.4980014401845211,0.7293653719634708,0.5426010010417907,0.7660929340250945,0.6263297862157783,0.8049775398534909,0.522840831564307,0.7349689017262072,0.5013607833624746,0.749944986567786,0.4900646576689606,0.7375686473905912,0.13232233282515596,0.5218233535729162,im_368.png
0.5947139189661902,0.7936448795574166,0.6894584058152483,0.8362885578793101,0.7428867814928031,0.8533582680213351,0.5133118438445649,0.724935214337777,0.47397673454657707,0.7527713518283462,0.499530389949869,0.7425838188887282,0.12971559769609212,0.56065170892859,im_369.png
0.48624203776240404,0.7284240697055768,0.5667578611886354,0.7919877177203236,0.6399143071996526,0.8272582960721849,0.4911865095643821,0.7381579615227783,0.4550508878993945,0.7408555614495858,0.46726639421848576,0.7258255722514732,0.1221437202977073,0.47974836456940545,im_370.png
0.538128894552585,0.7463964489162794,0.6848907371159445,0.826074897695976,0.7519700314272663,0.8550192857569479,0.527401406218588,0.7399056575482372,0.4784961588818419,0.7436317306735161,0.5026096438252685,0.7471823848005317,0.1839661539946367,0.5373937367835131,im_371.png
0.4936228224539215,0.712217439081082,0.6033222544038372,0.7747472308915914,0.6559700674199231,0.7912752991699986,0.5352520990740572,0.7529891487425507,0.516754183280855,0.7542532536992906,0.4968598090011166,0.7478104927687292,0.17861199816346512,0.5074641722961096,im_372.png
0.5350371729236209,0.7516942522840632,0.5978988765292276,0.79699000536979,0.6681846439726192,0.8159521118038757,0.5428040004348659,0.7357528031571702,0.49003203972650244,0.7590579869875465,0.5287416889683159,0.7546667181229119,0.12317217914653647,0.4772313601473306,im_373.png
0.5597255818886164,0.7737686190319573,0.6373274283393813,0.8018175396156885,0.6420218871599854,0.8153433200663414,0.4775478465568632,0.7569827155781749,0.5149105679005476,0.6989562849182819,0.45409860270490654,0.6940822602582846,0.16348606819850922,0.5781802345779743,im_374.png
0.753400483065148,0.8088730985000707,0.8289400010917882,0.8524299097913086,0.7542087500600386,0.8322118195173622,0.6755182498194874,0.8363218139269282,0.5972487227276007,0.7729173763665349,0.6261531679084408,0.7584349996869516,0.6495966397765743,0.7173710650240769,im_375.png
0.49086731193915323,0.7326920335359584,0.49100459833225174,0.6895966916687011,0.5688514540008816,0.7696906713588183,0.48798623711396516,0.6887634742704574,0.4884143394454253,0.6764482833071296,0.48340512974052413,0.6623500886184215,0.09321438369383343,0.5131838238245632,im_376.png
0.5071160328760482,0.7327079798095356,0.5550159702316307,0.7544823788123503,0.5711083723525275,0.7976915033917049,0.438001302622862,0.6758868644675436,0.455352631260405,0.7099033172544182,0.46966249427491785,0.7050805458395872,0.09875572267450834,0.4987570466426017,im_377.png
0.5733483068676389,0.7577336599027858,0.6380880497055385,0.7947329452960045,0.7471386759462931,0.8480418722966876,0.4870287649447516,0.6767446981440598,0.5351547663474716,0.7282798949726914,0.5126851960567215,0.7135034031234195,0.1994682360592733,0.5449569328430562,im_378.png
0.5672384303574415,0.7160998954575153,0.6005688181550909,0.740873514732835,0.5866866724237031,0.752395625813089,0.5303785070679655,0.6677670843909724,0.5157402854793443,0.7439398003473907,0.5291078539059034,0.7230647865021703,0.19180035664147596,0.5332350590645115,im_379.png
0.6145743970313877,0.8023945086360128,0.5722423954787715,0.7651501747032171,0.6325795999775737,0.8241126129728137,0.46463862022501384,0.706373697660542,0.4654735704187678,0.7408640259036945,0.41348892705924356,0.7270538318634205,0.15237773629132118,0.5794647701048016,im_380.png
0.5601577892445908,0.753125793677798,0.5645284910250302,0.7671825148815553,0.5742091471813843,0.78383838704165,0.48288014091227077,0.664077028427733,0.49799130631169375,0.6918082494445492,0.4524338620579972,0.6819941115173478,0.09295808320032889,0.5098019073715563,im_381.png
0.5413884756171516,0.7455049520229962,0.5229074187464791,0.7195842886487293,0.5800892441347424,0.7820313185097613,0.49409815844402744,0.697092880902171,0.46990136803680005,0.7171587744015427,0.44613084284384363,0.7042648221576621,0.09241362167136181,0.5230336957416822,im_382.png
0.6251025641050328,0.7049279427992706,0.6301200370349651,0.7891662355137415,0.6556563853766784,0.767003227109166,0.5590621611753354,0.7475098345230795,0.4589885029811365,0.755383959151431,0.45859885982625925,0.7374820757404764,0.3155330691712356,0.534591967373033,im_383.png
0.5622262948359851,0.776548641120798,0.6554594315167117,0.7932822176227087,0.627975301701968,0.8134202964260867,0.4931710600628537,0.7244350480242345,0.5002779412603512,0.7457334474974077,0.47998936413251503,0.7345718376557476,0.15807877788248,0.522380053420891,im_384.png
0.5924980086502596,0.7268048958758022,0.6056251989219745,0.7406130836780869,0.5863368002547399,0.7438074369316428,0.5418010712244483,0.7385098124947168,0.5126697804540239,0.7313614882948236,0.5004417327428496,0.7245508847087672,0.31496660932040166,0.5751789192355414,im_385.png
0.6710276811692523,0.7818704771234755,0.6880678309087312,0.8240292654381851,0.7302484638885182,0.8251881825823691,0.6073606389327214,0.7860600001462665,0.5411527869976689,0.7865630565351065,0.5505935046389233,0.7707390087797682,0.4059033409684559,0.6297299252955142,im_386.png
0.735899309503841,0.78866448594476,0.7923632037011918,0.8707591303983488,0.802839616539384,0.8565874612449014,0.664887188924917,0.8275228850491083,0.619332754208163,0.8185230781961057,0.6140536693058887,0.8085811709322879,0.5664426443133111,0.6391331646675655,im_387.png
0.6652837422550213,0.7852025452939922,0.7258345918669565,0.8301161543256609,0.7261571210729609,0.8328956626406396,0.6322352061364496,0.8479814049661979,0.6234818402140716,0.817304740441207,0.6201671819861989,0.8224056405146698,0.4439342372037862,0.5816526484790938,im_388.png
0.606773585539382,0.787708324745638,0.6381714819096866,0.8343966344002437,0.6556855928273204,0.8406704380652215,0.5032623138630237,0.7358206921802306,0.5282298098911777,0.7742504114273119,0.49469609188783725,0.7729069280378547,0.2423426438785882,0.5653305126555318,im_389.png
0.5549426828254168,0.7451172988177193,0.5788901068404875,0.7703466619088682,0.5756257532863374,0.7893556470583931,0.5043125311112918,0.6952095146554262,0.47756010444159525,0.7431676498620724,0.49378450656325723,0.7429046020289441,0.20657672636882396,0.4578021426658243,im_390.png
0.5092806490156677,0.7406083853311044,0.5733778057562524,0.7626528871311677,0.5975243584680526,0.7855276423596684,0.4510472169378944,0.6303792835571846,0.4699494129582965,0.6951461487952268,0.45124888416479497,0.6799807086893801,0.060907235317790145,0.4873409566671983,im_391.png
0.5812891217763828,0.7512039600721974,0.5568955907097431,0.7008955755002183,0.6014593130244581,0.7795092627591504,0.5047333312572586,0.6890354000100458,0.5105536117740568,0.7338886595374194,0.47214100402994913,0.6992914091076864,0.17160868747942057,0.4617543849054983,im_392.png
0.5886856845269267,0.7606374522433288,0.6089759437260961,0.7770126405635278,0.6053824589553551,0.7964235907004463,0.5085382684583909,0.7007462947906472,0.5044292159447873,0.7069664854038259,0.47909598097782335,0.690747569490859,0.1901607130739773,0.4548623280295134,im_393.png
0.5929043878011288,0.7937446115408789,0.647655953903517,0.8168712297598115,0.6479271056869069,0.8333525058255761,0.5120452302613259,0.7521027398893116,0.507588442752956,0.7427733048005418,0.46715466788663945,0.7202385389759478,0.19409032991694322,0.5064655645905327,im_394.png
0.6377059173101135,0.7391252721935703,0.6816967348841864,0.7843550803524513,0.64436643163788,0.7696778336888058,0.5857484689142766,0.792079736020761,0.5699102499590365,0.8038935730399728,0.5612028845005302,0.7905176808435007,0.3577406994746336,0.48004730168965665,im_395.png
0.6116743588116345,0.7340386116592832,0.5841527671869301,0.7155535182596088,0.6284847274889669,0.7702723397782631,0.5842189043124033,0.7315252711102496,0.5211599689414014,0.7458001753341346,0.5222769648751775,0.7267398524651552,0.1993505902065466,0.5516708287636448,im_396.png
0.601693266636749,0.7070825034226249,0.610703078151859,0.7457306354891512,0.629673479494991,0.7765155254146145,0.5680211477909974,0.7827570896612802,0.5281620136586835,0.7599367982275801,0.5094110849470451,0.7424754385555814,0.3623094408323503,0.50109480986128,im_397.png
0.5627475228492604,0.760783584881764,0.5760419337013313,0.7950904559859331,0.6288335241578425,0.8257733760378896,0.47343973522373145,0.7192472928456063,0.5012337515240406,0.7434519325311528,0.4950026987543919,0.7296832430843428,0.12817189830235853,0.5248832152601564,im_398.png
0.5551949743888183,0.7426843436429472,0.5828240875277212,0.7751686518843132,0.5661031675183449,0.7751903088673071,0.5009073911698612,0.7262951494087094,0.4880766911842583,0.7088070776594626,0.4725671868118468,0.687452318315661,0.22712359633541368,0.5081364225065627,im_399.png
0.7062084071659092,0.773570713618184,0.7593838130920347,0.8151319801910617,0.7102851613344829,0.7935274107220008,0.6671040303291517,0.7894925350167542,0.600638177473256,0.7986162780969498,0.6340013895087854,0.7891852148736156,0.36276118515468236,0.558934836557442,im_400.png
0.656353487590999,0.804300479793011,0.7381950923405948,0.8468716104018926,0.7636945331096563,0.8575928012121493,0.551142561881287,0.7108442657467672,0.5235536820942531,0.7760227105752768,0.5296217403065243,0.7638252976080774,0.2109116790143889,0.5400205822837533,im_401.png
0.6808539860223454,0.7734821081036856,0.7167002742882324,0.8162831188737351,0.7168709731574054,0.7980865104085572,0.6291200030915743,0.778502648632444,0.5483773701469703,0.7833074852425896,0.6070734915469431,0.7965545681388477,0.3660167241553228,0.544448225184903,im_402.png
0.5369993144054291,0.7560297814957816,0.699546280305699,0.8241926219523276,0.733491555184179,0.8378496885492268,0.5136044130950927,0.73802259354178,0.45227941108958475,0.762389358738361,0.5108560298324194,0.7594205185303156,0.25735427323738636,0.548695418964935,im_403.png
0.6002475013156806,0.7438066386250662,0.5946169792041768,0.7715240960987251,0.6253896649287524,0.8131712630481717,0.5269793378837546,0.7591123153217728,0.50594258095617,0.7686458842205556,0.527756508316717,0.7626213204428254,0.2398940992964049,0.48584886598424715,im_404.png
0.6433571751670772,0.7657667305149493,0.7013715253795035,0.7973919291746963,0.697102715118802,0.7961333574734433,0.6135049437808706,0.8058327457643876,0.5606102149962638,0.7838996071991196,0.5808434012247996,0.7800450754234676,0.49338149058817493,0.5515254378906252,im_405.png
0.6947932772583817,0.7885887704256261,0.7455027471291424,0.8337530498910438,0.7159756141198012,0.827201366036963,0.5985872690441559,0.8443139313307074,0.6033578441363752,0.8071413239080558,0.5923687053980367,0.8216049638634466,0.4597695412255912,0.5648651042373073,im_406.png
0.6601152804789807,0.7987236536903963,0.7216598719492088,0.842780531095554,0.6954144612497357,0.8306143628634133,0.5447259371666537,0.850371022062828,0.4633526705661688,0.832611600929396,0.5173068629854229,0.8053420777784758,0.5109705508694439,0.5816678503381066,im_407.png
0.4865161281410995,0.7433552297618691,0.5772345887425271,0.7947669144646653,0.6561880934593292,0.8274270229775246,0.5295598166153019,0.7386320342836098,0.5187799395047881,0.7507576328033853,0.4577166507792973,0.7369304448666496,0.1633929996657881,0.5450343055657298,im_408.png
0.4249558679355141,0.7355443840143262,0.5434792922615174,0.780091111891325,0.6441272363506898,0.8087558669033774,0.48379371143199257,0.7225439973362686,0.4373676458226868,0.7314013045621776,0.47579878730694386,0.7252910706892866,0.15862518690468158,0.532854999350667,im_409.png
0.6129535904819655,0.804331248541419,0.6703054479484111,0.8146828513862912,0.7003000766356683,0.8439181984785139,0.5263893543784793,0.736533390706081,0.49682326491452034,0.7315945161076899,0.5030835707713955,0.7200187693576591,0.15978031410197296,0.5026163184885516,im_410.png
0.5510909835069622,0.7592898043034556,0.6074007936979674,0.7614795596942247,0.6504390137885078,0.8258513039200115,0.4593460968187372,0.711331850166499,0.42652936959040644,0.7080306597183874,0.45742811655837556,0.6986587887421128,0.17950621053239005,0.5321193989695453,im_411.png
0.5089267888668473,0.7568505199050193,0.5666162209376359,0.7941469113285183,0.6773534310093356,0.8286299266192646,0.5047431843278203,0.7391424606907218,0.4999399242488926,0.7690038737420659,0.47664138737096945,0.7550865077339586,0.17188403198719046,0.5588070595128628,im_412.png
0.5952105784863135,0.7993422514788412,0.5820108434092071,0.8061552881841502,0.6204893977807537,0.8153213829800181,0.5101261857023901,0.737593703491641,0.4676970589370474,0.7067898280400348,0.46623331298033116,0.6874788873469428,0.13168200731873653,0.5621642792832545,im_413.png
0.49935820873815745,0.7542467007528483,0.574933947355077,0.8021250787266873,0.6675669158827408,0.8297838882670318,0.49718159565006026,0.737560769375933,0.4640387409842433,0.7387821238358886,0.4728572719897329,0.7332792886910178,0.1308174898545798,0.5281506034631507,im_414.png
0.58494565469455,0.7683763996497748,0.6509373522242462,0.798200888036218,0.6948030253732981,0.8284514092449146,0.51989064853602,0.7301102631338455,0.5153094587149135,0.7498491799996002,0.5137812441901277,0.7324518955415185,0.20363372601295873,0.5189748500329917,im_415.png
0.5216897140004219,0.7026840173037653,0.5710838243143523,0.7220588365190266,0.533268906010394,0.6902453455315083,0.5643296795896018,0.7831704987454757,0.46037890292627526,0.7573258101597726,0.5093465165668676,0.7492212783453795,0.15713842430651276,0.5607182825116448,im_416.png
0.5158676299245816,0.6808543294169244,0.535005197397086,0.6982398610988751,0.5181545226234087,0.6703768302922073,0.5345185351968883,0.7662555174995657,0.44796263129968694,0.7722847552827641,0.5327927068439335,0.770384420922919,0.26885499520376,0.5608871349934239,im_417.png
0.5859994771956205,0.7080557192571595,0.556061871767271,0.7050426983780208,0.5556735515879808,0.6943226873599319,0.6151325828137173,0.8177451905638927,0.4802198087293896,0.7613108135494362,0.495086159463232,0.7543159830567413,0.2576808404530739,0.5379560149708046,im_418.png
0.5325971279500321,0.7013606714141716,0.5465732219271838,0.7414150579340344,0.49917559628703806,0.6836448809311763,0.5467021633818813,0.7643811964122502,0.4562023506855881,0.7576963021022626,0.4726169298639908,0.7424075346241413,0.22482997682195122,0.5755547960163416,im_419.png
0.7366523489661866,0.8353559360309325,0.7936552827170433,0.8584257346689781,0.8036577078501606,0.8678423280880891,0.596719363706706,0.8207422550282506,0.5235442735294524,0.8078545526522724,0.5211284730708857,0.8007910680660534,0.43337588026843543,0.626985103949021,im_420.png
0.713941601480542,0.8292668730116185,0.7733712912790448,0.8499784724059072,0.7794590560757182,0.8660844044483292,0.6009757382153315,0.8096247056384294,0.4866041349350042,0.7935953341271613,0.5309005307873809,0.7997548096981908,0.36548261774099416,0.5926041216597588,im_421.png
0.7096249633023916,0.8325063368984261,0.790690871683135,0.8554455714901427,0.8072243575246854,0.8614701094251311,0.5595069912601385,0.80955584276689,0.5567703993998937,0.8121448846070307,0.5682626139020164,0.8179151759696192,0.4801308358014765,0.646161729417114,im_422.png
0.7045479478194862,0.8266093334285761,0.7802886097701119,0.8470798836611639,0.8073573715349891,0.8646474499870449,0.5652287724630651,0.8087837135055946,0.5204372264175743,0.8009129092741498,0.5440855330596654,0.8074551668226734,0.45297684273405353,0.6318736686879072,im_423.png
0.6414074981858381,0.7814241149102263,0.6372723797711114,0.7752084705630125,0.6277468415407926,0.7933842796141832,0.5534518223290169,0.7598483600777384,0.5548812792791232,0.7813363117918084,0.536806715651423,0.7647715324647995,0.3603785803861513,0.5239815685068455,im_424.png
0.6264579149331639,0.7528795508673941,0.6407867833640629,0.7551206972723485,0.658973201733268,0.7982850731987609,0.5491020271437619,0.7355441550250726,0.5018305208202194,0.763108606159601,0.506734734622037,0.7533466843574858,0.23819427038268848,0.4598176570721592,im_425.png
0.6117117957291597,0.7657623075653344,0.6563353565674324,0.8008388615714966,0.5913469605949135,0.7682827243074247,0.5202018800121481,0.7409177911707789,0.5108514318852005,0.7795982964902899,0.5033439427688101,0.7612084168891827,0.25964816433743215,0.5213683921774852,im_426.png
0.5734258463210612,0.7469439814301657,0.5932557829338464,0.7126745816002237,0.5079082393368207,0.6628539193090293,0.5184692294950018,0.710723608002828,0.5057531923869061,0.7593352542707557,0.5040253346498824,0.7557273234934085,0.20892792601051866,0.4138465744256221,im_427.png
0.6947195324336228,0.8192086100592019,0.7211984671014483,0.8129883424470502,0.7468762111330172,0.8360371596051418,0.5852797107523192,0.7804835100932368,0.5306434033602179,0.7964659347864519,0.5246063670082132,0.7929629785271068,0.3611388903793186,0.5696053502578846,im_428.png
0.7082566454442735,0.818593824095541,0.7507387349091285,0.8239787739978905,0.7683668543237994,0.848314940774768,0.5874363388341466,0.7928332998422039,0.5085617342730877,0.7890875432185307,0.5208610148864061,0.7917729039082363,0.41493152748795276,0.5815091946584026,im_429.png
0.7173718572675084,0.8227573738794202,0.7504703552249768,0.8250701350099293,0.7694854152617682,0.8407300730035787,0.604376704184819,0.7882944752715902,0.555973622230649,0.7945547053814508,0.5440555232865649,0.7869235403370443,0.3544768783303408,0.5846875544207383,im_430.png
0.7139857197132631,0.8285305869071713,0.7602601952250059,0.8370926684887455,0.780587406131167,0.8527976372120986,0.5829395980177575,0.7789840253329103,0.5072828201820251,0.8026910707625836,0.5147177948203172,0.7893147809638613,0.42008663872241525,0.5776066355849103,im_431.png
0.6227802876378947,0.7596833603038038,0.6377424186175497,0.7717465261436905,0.6525374866085212,0.7944135592270691,0.5415197568963506,0.7411575407170684,0.44633009775993476,0.7405415446196761,0.5086958461836667,0.7384249509648092,0.21041579746053,0.4784681726179796,im_432.png
0.6217991281323906,0.7921232585311458,0.6415924018538844,0.7806643049185756,0.6570366910177534,0.8181626169044981,0.5275221272479399,0.7714909123780288,0.5000077182498308,0.7795481904253939,0.5021009371953857,0.761644162706682,0.2736675709891905,0.4679323380348073,im_433.png
0.6055406548985106,0.7728142852088843,0.5978885521002467,0.7415047931996454,0.5990925365975136,0.7705740336207407,0.5106076064344142,0.7505754147107773,0.500548828601574,0.7531966209651867,0.5318493717086286,0.750440411570164,0.2105435242054719,0.4780151602770501,im_434.png
0.65344361800628,0.7906454149525686,0.6601759878232094,0.7763768900331215,0.6865785947546499,0.8080348763762246,0.540415743519128,0.7468294060707253,0.5466892397652822,0.7528440907796277,0.5308259276751879,0.7471971672308824,0.22362635046639384,0.4717183433540969,im_435.png
0.601095961265088,0.7611327508770288,0.6314148603024236,0.7684730830189275,0.6584954631389673,0.7778520954003011,0.5464035840247626,0.7701219271272792,0.44566021034908554,0.7701193407390601,0.519146015893405,0.7578820374803005,0.21939414956035966,0.5929402680524359,im_436.png
0.5948667015736496,0.7589551795806238,0.6317177881383547,0.7824802345505313,0.6714953119680505,0.8044648141423854,0.5513961471454715,0.7781508410153501,0.5070033684984205,0.7895900517039078,0.5185199826125205,0.7735380814541435,0.26089742874529553,0.6139664137290181,im_437.png
0.6397804142229782,0.7731446946176783,0.6051633831834189,0.8001521077156009,0.6373169080503802,0.7901245436997186,0.5807523446301288,0.7915246148834582,0.5410413397045666,0.7900235276634751,0.5381148217802026,0.7843831377596113,0.2652569912821419,0.5733667430603521,im_438.png
0.6415560718789876,0.767935117850076,0.6493291905747196,0.7827917288326208,0.6505966097464875,0.7818136922020614,0.578470308931729,0.7943637957835487,0.5361491126651384,0.8003486522692734,0.5325825528602377,0.7982302961386747,0.3483163162551515,0.5882444055474956,im_439.png
0.725208644302386,0.833069910054589,0.7751003367547793,0.8513535882171673,0.7922284964034692,0.8672760812668588,0.6409644256332222,0.8355101757793366,0.5676400419486807,0.8167302627405821,0.5645222030336694,0.8162524012422742,0.5492360033744855,0.6903386499616206,im_440.png
0.7201037380497566,0.8243035647459885,0.7469031607665882,0.8469134562163841,0.7599819108011491,0.8630551397478085,0.6607704338614726,0.8532701058359363,0.6341445071303514,0.810870089270238,0.6030041695198936,0.8160999883729809,0.5303840978289613,0.710988333561387,im_441.png
0.7351344062018669,0.8319111132009526,0.7671184870792281,0.8502402273695787,0.7899147532730169,0.8685182591824097,0.6953790742518549,0.8512115554060886,0.6138319624181128,0.8196762802702874,0.5962207668424172,0.8254071510228063,0.5411481234874843,0.7223457354904966,im_442.png
0.770122843134629,0.8309099618159326,0.790136200773943,0.8533576084243812,0.8042599829373152,0.8752693208766508,0.6939073998953514,0.8600761365282883,0.6629496630344566,0.8271824756561411,0.6290061286285006,0.8291719045743811,0.6199185093617567,0.7349430314679253,im_443.png
0.6897669835520119,0.7947499180815407,0.7333228761843642,0.8243498277731797,0.7275376808992208,0.8318061410404969,0.5609482877623515,0.7780224932470118,0.575077778422763,0.7717557168061921,0.6043386574643307,0.7738370836123781,0.305538256702888,0.6156237465609122,im_444.png
0.5490551066103218,0.7598044469279827,0.5905078243324747,0.7668054195150912,0.52454405894068,0.749976299359922,0.5246227404167022,0.796636219812296,0.5263510360666708,0.7909074424062481,0.5326520950070326,0.7968498672390761,0.1254677873752357,0.5703738093689689,im_445.png
0.5153969430459642,0.7752311795247728,0.5766628241331906,0.7672009574868857,0.5331333103357084,0.7579285085977896,0.5031972183147481,0.7962460383832833,0.496005072271581,0.7969706846426831,0.5132478298644678,0.7982196187182607,0.21654454446349108,0.5853611310783412,im_446.png
0.5176407795187086,0.7395723548257418,0.5690613319779568,0.7248203533633306,0.4787701349678374,0.6689864793457052,0.5091035778197799,0.7930824919181994,0.5134717617508104,0.7995838865207913,0.49186803065328816,0.7899808582786035,0.11490772426418973,0.5625392235130017,im_447.png
0.6725133129271663,0.7426577989254723,0.6720238101413163,0.7544522731242649,0.6649282279940403,0.7573151994417354,0.6414724256757021,0.8100651209713514,0.5327225690479411,0.7775256991136956,0.5478967398836996,0.7625325675846443,0.35734240784764715,0.5595414604302373,im_448.png
0.6695432161980418,0.7698916162934254,0.65874228678076,0.7475856670148889,0.6603041144993888,0.7653857097483877,0.6742152877152124,0.824663528111046,0.5332597317648622,0.7965563619956257,0.5495532123495387,0.788700747702153,0.437350345897545,0.5790969260067129,im_449.png
0.683039451060381,0.7919271664886406,0.688166366109333,0.8243412658913543,0.7322791036175245,0.8364211428674657,0.5820450604633647,0.778493578979356,0.5069019717451878,0.7816638133215773,0.5391324679907985,0.7824682022959621,0.2528775332448913,0.5246943816272235,im_450.png
0.6904609454665622,0.7877551687273032,0.7275951995356993,0.8234930113724976,0.7339313756467758,0.8252973614155358,0.6121787413429017,0.8002011352042409,0.5306792045571465,0.7702192487265898,0.5507413987099707,0.7784956220349066,0.30919454664788615,0.5634805657166371,im_451.png
0.7167599710468008,0.8211504882396643,0.7511703731766233,0.8527638544324276,0.7491958086142636,0.8608416502124194,0.6693421484329606,0.8511447563181208,0.5838187503271486,0.8239459727455021,0.5883683040892679,0.8161841259832779,0.47653569734996226,0.6443227582463428,im_452.png
0.6941394758571863,0.8221402232820253,0.7310952683146107,0.8471021259053737,0.7681497040130186,0.8642465606793455,0.6373850356529255,0.8385270358749157,0.5783402501421945,0.8265311049950067,0.549946016167536,0.8211615415328627,0.48963383306547653,0.6499551617631724,im_453.png
0.7287079382993509,0.8210578337078759,0.7407926690519827,0.831002860368084,0.7788510629513425,0.8537366140749848,0.6809045115829369,0.8614382101622379,0.5899395368005073,0.8305596402192315,0.5707301166888343,0.8201484884088025,0.5657072427078371,0.7011999901676153,im_454.png
0.7437609515464191,0.8326931527314512,0.7840824403453229,0.8501084398786108,0.8131204894112429,0.8690979589121735,0.6730340443161756,0.8445788950390811,0.6048645707830922,0.8264497897412344,0.5747655691558372,0.8211690557382849,0.5213612711155934,0.6928268194355937,im_455.png
0.6642387534708942,0.7433541553067062,0.6500861285660953,0.7877084653227803,0.6576816658610838,0.7730082198639517,0.6238633391104906,0.8123094805173001,0.5201908453203488,0.7702208629580517,0.5392734628409275,0.7551900614867559,0.3769808248362166,0.576409960150635,im_456.png
0.6676167127617904,0.7260319052274089,0.6542333701876935,0.7291076909793461,0.6555177818966572,0.7600078656494731,0.6090959534495427,0.7963235928454917,0.5137903562396565,0.7858283236750303,0.5266673617919291,0.7704142177983575,0.27722489572641906,0.5158530390768316,im_457.png
0.6913456008018191,0.7753989847107308,0.694524696136412,0.7787089969784732,0.6794589208473921,0.7804729287112216,0.6412568018179863,0.8301913456273434,0.5391170235470742,0.7962996943299248,0.5414724227319409,0.7926213600245262,0.3796089918859364,0.569450348243231,im_458.png
0.6443186430518535,0.7624426714667635,0.6656135003115711,0.7810313657126053,0.6512556410854058,0.7764993857570762,0.607345625191432,0.8267840000692552,0.5395148318223324,0.7938046071816506,0.5333643719261024,0.7849211150168326,0.4003948388252617,0.5546440774111304,im_459.png
0.6062627487346421,0.7682089902200139,0.6134438813718353,0.7938313398727767,0.6456056411800202,0.8105835690173732,0.524550484421089,0.7517613039090265,0.43349321876686203,0.7467886143476637,0.5020126259884595,0.7442767476182948,0.20213987403028832,0.5170571792378792,im_460.png
0.5290515923916802,0.7771607371502334,0.5496878738024121,0.7964523827020148,0.5215735008809032,0.7947984184505517,0.5825171961305912,0.8290066635618271,0.494031086145042,0.7962103240442596,0.46648387150654225,0.8119195660711908,0.21223017300864794,0.5439684315565332,im_461.png
0.5537557438762429,0.7256603382720542,0.5571441210629302,0.7329660216825369,0.5363092521934837,0.7267479054712848,0.5336717242444523,0.7607557355547454,0.4362235013818289,0.7580293519506981,0.5066117398318091,0.7665876524513345,0.19847739047117186,0.49861447547830023,im_462.png
NaN,NaN,NaN,NaN,NaN,NaN,NaN,NaN,NaN,NaN,NaN,NaN,NaN,NaN,im_463.png
0.6519819897633669,0.8108695581979407,0.670305352380103,0.8079420804321895,0.6933683579310417,0.8126360822500848,0.5553475216548005,0.7875620259425534,0.5025192882305207,0.7913459412871141,0.4745253725130525,0.7886823775737742,0.38968328446901374,0.6000799420331813,im_464.png
0.6925336921647165,0.8082101982986037,0.7223175987267125,0.8046608759403624,0.7317543955480171,0.8095051949184234,0.578566555892066,0.7792525675046015,0.5452211536857049,0.7933095665749916,0.5358343173326182,0.7933684404607051,0.3939149994324051,0.5926714654714851,im_465.png
0.6832263223806658,0.8030986232515147,0.7007365239762581,0.8054411441126703,0.7151694926264681,0.8099582338712328,0.5988454449327179,0.7988560891525295,0.5477679447248105,0.7916347702037411,0.5338616443204245,0.7878296619733623,0.3866730681562023,0.603118261234711,im_466.png
0.6900118684151428,0.8120426893268103,0.7067455970033295,0.8146514036520456,0.7281692926128878,0.832491445514719,0.5870696202996023,0.7900760400656557,0.5519193145965599,0.7987492786794747,0.5538124060202577,0.7993381902157425,0.4029485295959952,0.6113914565350891,im_467.png
0.628844569236498,0.7904650561524267,0.6550352400714368,0.80790790879706,0.6785918787481646,0.8232414010674043,0.5591348547358421,0.7989129103345471,0.4739235433047238,0.7976026473490929,0.5230058610790849,0.7990319906390105,0.3382684762411095,0.6038306238886848,im_468.png
0.6373721410652567,0.7605707933977639,0.6178164071584014,0.7712785623886307,0.6667415460335933,0.7975881287260532,0.5945002809143349,0.7975777066675169,0.5057416579162746,0.780045336469572,0.507359559195086,0.7802615403397611,0.31700165912453937,0.6047992814134361,im_469.png
0.6360862454260774,0.786089540159067,0.7185837453601074,0.8162754427974075,0.7287725473795317,0.8225725904292712,0.5374645525736753,0.76809904741261,0.4732758840521266,0.7775442650603771,0.5063425931377485,0.7712993234113237,0.349399954332232,0.6003715568789567,im_470.png
0.6495492715949178,0.7859409514574752,0.7038878262256456,0.8124304413999629,0.729331314650595,0.8250396684367383,0.5660064843116608,0.7805056271008906,0.493320387593565,0.7831714688003445,0.5020469617574685,0.7810886173510734,0.3809850208250525,0.5942885741429158,im_471.png
0.7632153489534574,0.8299890007776028,0.7693455303463078,0.8411212595206635,0.7918391865456006,0.8470001316814758,0.7279867812550862,0.8807589203095856,0.6697421320218191,0.8446278794034597,0.636222833281548,0.8280038977594113,0.6234756762542111,0.7452476741627851,im_472.png
0.7567058930484526,0.8458303830339845,0.787289998295559,0.8573329124402675,0.8182216751757332,0.8759632340975442,0.6863058712972333,0.8724096832214813,0.6215754860527585,0.8390807965688097,0.5842937147580882,0.8340443192274625,0.5859704868053868,0.7591862135000821,im_473.png
0.7581426751476111,0.8376801346718046,0.7417691513567543,0.8321527176398323,0.7925097872466825,0.8644343462302317,0.6999466068310944,0.8584654034616749,0.6116716292427882,0.8359349251987912,0.5686356146428603,0.8257296750545738,0.5864636506575115,0.7223137555695273,im_474.png
0.75111174433166,0.8428328680555186,0.7785594489991873,0.8693469150542491,0.8053860770054735,0.876387577228712,0.6913213258170894,0.8695850773043186,0.6041828277289257,0.8323267710980389,0.5795626622493665,0.8323856844485743,0.5572561828888042,0.729454182711201,im_475.png
0.591181280612265,0.7646411956842619,0.6130251831125368,0.7357257829261562,0.6246671969115416,0.7835269560985532,0.5540399480425376,0.7845559052188562,0.4984018139172356,0.767817992594273,0.5038955061691655,0.7642207688912953,0.2720928077801553,0.5028769191198602,im_476.png
0.6263734010335373,0.773604961607614,0.6291352696480766,0.7534195169038226,0.6643974579021067,0.810049560355606,0.5777798349928942,0.776789358335464,0.5296667046348077,0.766517894588427,0.5043391285299552,0.764263066661612,0.28264757809997265,0.5235022814360403,im_477.png
0.5780083821035258,0.7677989819807782,0.5960023192102485,0.7515371640757607,0.6184601298337863,0.7965312095754814,0.5251218122015073,0.7776069706648697,0.47850897643892254,0.7705282163753765,0.4738905236365628,0.7609840542264915,0.2477297736539961,0.5577020185659948,im_478.png
0.631116147350086,0.7840711755130272,0.623021249959497,0.7737954008062924,0.6668800955990658,0.7964518521999426,0.5909870660292954,0.7874959981413886,0.5427986214325883,0.7718585627461263,0.5498667713497394,0.7707500105106797,0.27311896930069834,0.5311664315898211,im_479.png
0.5641529691058871,0.7216500905278116,0.5476300617801759,0.7298065977886676,0.5051867631258212,0.6980366071067952,0.5615241775744677,0.7659840090951782,0.517879175204611,0.7520855287465976,0.5120677605291706,0.7396471080914186,0.1831683472301854,0.5636742324413879,im_480.png
0.5125801918426557,0.7202019754867977,0.551450219687795,0.7505305545852676,0.48047460550951215,0.697405494271737,0.5089489257362789,0.7759251437864013,0.47196351238326006,0.776875011923996,0.49178928715271386,0.7668028567929626,0.18029445503376929,0.5669960921748843,im_481.png
0.5507485600075434,0.7055100608600094,0.564180006120822,0.7003132940860164,0.4777719401920482,0.6415894946318037,0.5574752323530756,0.760631237216008,0.5040507669754903,0.7591435209177105,0.5329347601422421,0.7362724679467444,0.1782589386012127,0.5085878808347718,im_482.png
0.545817802048095,0.7343506698661098,0.5834749861707504,0.7345067015759205,0.5554875236900004,0.6930884159126058,0.5440948119342753,0.7849295326830672,0.4717299060137976,0.7803266617540052,0.5214835835152042,0.7854836302961893,0.3039948821289816,0.5758060342749282,im_483.png
0.6375643766871596,0.7642760043286821,0.6588550865496601,0.7798172075740778,0.6697052442032867,0.7979669032107609,0.567598099159708,0.7599961284821639,0.48576095226495397,0.7533189913738894,0.5089919428805179,0.7417873946222746,0.12602087314365187,0.5708296928278233,im_484.png
0.5878211878105764,0.7686446969687235,0.5523134238352245,0.7682534142479459,0.6604565592553128,0.8092393324224763,0.521502729436866,0.756743557525433,0.43740868818106665,0.7657933122390436,0.45383059119452407,0.7566218511227806,0.15766585966834712,0.5249952198726887,im_485.png
0.6505330219099956,0.7847755194095416,0.7144351727950368,0.8213618292098492,0.7177198015301406,0.8073369312393799,0.5831133454146916,0.7717407323023467,0.5343455342786869,0.7726141715568685,0.5310509715227315,0.7662378668672056,0.2788512270681907,0.5971923817517006,im_486.png
0.5777425144346144,0.7656827570681511,0.6551650996723948,0.8113335018675909,0.6531922156065566,0.8064757472409358,0.51528488238537,0.7471941409963556,0.47035780318011283,0.7563497695720006,0.5101341227441129,0.7553576177381573,0.14593038915980422,0.5495138746853375,im_487.png
0.6122798180195775,0.7692354475047052,0.6524552281832753,0.7799012182660761,0.6820342068563877,0.8085476304094114,0.5457280864481419,0.7528764439645813,0.46861072031581025,0.7503147559642726,0.47581813975273207,0.7436455610388895,0.24278046547976828,0.5240747678515626,im_488.png
0.6462685974013129,0.7869043829766743,0.6703106126897945,0.798205726925285,0.6888409683705133,0.8228556718962794,0.5687546138262608,0.7682839779496606,0.5008505436330758,0.7527017661760871,0.5113700385210057,0.7593516097036869,0.26208513402508155,0.5444210470523713,im_489.png
0.550657396652517,0.7437293578039618,0.5622621581097093,0.7464478355156314,0.6379534504867607,0.7970187731466675,0.466971499891102,0.7251763523417478,0.4457493550285738,0.7397972845087278,0.45697868441277806,0.7289623998623338,0.2193553619313777,0.5036710613304411,im_490.png
0.6334234164197058,0.7803149349981513,0.6725002522240139,0.7945805538326097,0.7023209013097167,0.8066200217705705,0.554325897223177,0.7607473785805912,0.4769479172987813,0.7600213833913629,0.5171311665054222,0.749911404152505,0.24412819173927325,0.5680850852386639,im_491.png
0.5640726551635863,0.7479411063871305,0.616532204685054,0.7862681713160556,0.6522241326002093,0.7943098041820161,0.5293659015095136,0.7672752387909344,0.4744792605792407,0.7840119706122709,0.49937105522412756,0.7772499059504282,0.2791509706376117,0.6066299716963398,im_492.png
0.5754096764349762,0.758471370573241,0.6167387177396655,0.7839412600359451,0.5890471179460198,0.7618042953055015,0.48632028679826456,0.759164663510792,0.44982294065854417,0.768957102647832,0.4877829310493772,0.7625391520839613,0.17163601047487093,0.5712187657919507,im_493.png
0.5787954805133524,0.7550005779797753,0.5979283095574298,0.7827737650091583,0.6134263742070294,0.7820936241712997,0.5658821919664133,0.7812447692910931,0.4988244014950782,0.7795620725975972,0.5357074816209552,0.7760648107977692,0.2680823058237813,0.5921895980468428,im_494.png
0.6041989634620966,0.7486476432971014,0.6839817943588957,0.8094033164908109,0.6260019810493429,0.7893942762679143,0.5557393151839061,0.7610238025944756,0.5481556643732692,0.7725648059514302,0.5378210968728478,0.7608725274034391,0.27361822880749614,0.5721766997952706,im_495.png
0.744394361186435,0.8293976346104134,0.7735987070218548,0.8568724616787283,0.7660514176045737,0.8451986931980309,0.6989630005958523,0.8675162493968708,0.5930289586512423,0.827591088065842,0.5566066304635443,0.8213348217823335,0.5306428597015258,0.7207222041008098,im_496.png
0.7745372791216573,0.8363510615841391,0.7777588322530263,0.8463761377241678,0.809673311895739,0.8697361894148656,0.7123764196026633,0.8687315956412449,0.653221742112844,0.8319108262363957,0.6089924971060664,0.8243907402376037,0.6282540248029143,0.738551443193756,im_497.png
0.7388866192967378,0.8466243673118813,0.752767545494253,0.8656965986891157,0.7628009877559202,0.8498525110851869,0.6997939551218154,0.8658108187705301,0.6492098834478235,0.8221824548002884,0.6349820568712131,0.8263175961109762,0.5737260682833791,0.7334859449780957,im_498.png
0.7597504970404124,0.8466678784305243,0.7649288549398614,0.8559863781846255,0.8021258574719166,0.8735558538763922,0.6698468010026352,0.8681699994093324,0.5930098488094262,0.8208161769837538,0.5612591769147722,0.8142390249269594,0.5515795201158674,0.7282064841513601,im_499.png
0.6760272443674697,0.7764305506517442,0.7259309280935674,0.7972194799787637,0.6719281738604413,0.779912510189147,0.6710875331139481,0.8397983096535805,0.5641377956286115,0.7976939765508423,0.5269542702527176,0.7855137151731054,0.43545553512176305,0.6915728572018721,im_500.png
0.6318288010078351,0.7853009834722552,0.6686926587767972,0.8189289175118857,0.6603625975879273,0.7988570644296438,0.6240733398959538,0.8446258008415387,0.5223433349657993,0.796862907015843,0.4849454825133713,0.7839588667039048,0.3019918683980693,0.6165954671346249,im_501.png
0.6063930328962821,0.7814236653475114,0.6144205659376881,0.7797452744636815,0.6385053091549303,0.7862646338988041,0.6007795397542708,0.8120101636200258,0.520198612081282,0.7926230307341944,0.5135581823974403,0.7840018671925431,0.3362765915192345,0.5676864480717756,im_502.png
0.6328344210544521,0.7869114590777947,0.6663416206243815,0.8124621050709978,0.7176775432453909,0.8403338659479772,0.5537629653075355,0.7986256910728484,0.4426574645016154,0.7888693842685075,0.49489466980776625,0.7876353795675338,0.2802475312539491,0.5756860725175957,im_503.png
NaN,NaN,NaN,NaN,NaN,NaN,NaN,NaN,NaN,NaN,NaN,NaN,NaN,NaN,im_504.png
0.7167782049655294,0.7768797775391758,0.6721974622752381,0.7862352464267579,0.6754470070057766,0.7836002803021803,0.6483910290042636,0.8178709123224673,0.555461278256955,0.76603051247942,0.5456973210113376,0.7615133309397597,0.41338354409331174,0.6058937050990502,im_505.png
NaN,NaN,NaN,NaN,NaN,NaN,NaN,NaN,NaN,NaN,NaN,NaN,NaN,NaN,im_506.png
0.5351689612015018,0.7941176470588236,0.4738315481986368,0.8367788461538461,0.43167110772744577,0.7606470106470107,0.488562091503268,0.8614718614718615,0.4579579579579579,0.8014705882352942,0.4205250103348491,0.8298946444249341,0.303363710454175,0.5559701492537313,im_507.png
0.7241519910255573,0.8353187842418434,0.7744601632205327,0.852193141425706,0.7909883695661126,0.8570977363937334,0.6142753010477254,0.8149518736201793,0.5705929467281824,0.8015942532476864,0.5764894472933924,0.8176264412472598,0.4716994195850516,0.6012580605884932,im_508.png
0.7071941852963467,0.831296343277814,0.7624526192807515,0.8579653788622248,0.7843991424044066,0.8626672455400307,0.5958696347276792,0.8112695372309185,0.5962100637467184,0.8135973360156876,0.5899521421801134,0.8168797635761943,0.5209329877574889,0.6296729257121431,im_509.png
NaN,NaN,NaN,NaN,NaN,NaN,NaN,NaN,NaN,NaN,NaN,NaN,NaN,NaN,im_510.png
0.32231404958677684,0.8974358974358975,0.37142857142857144,0.8461538461538461,0.3838383838383838,0.8974358974358975,0.74,0.9,0.6792452830188679,0.9230769230769231,0.75,0.8205128205128205,0.3425925925925926,0.8,im_511.png
0.597046326501816,0.7790445740157712,0.602715077531734,0.798622150149855,0.6371378538412609,0.8315162332749816,0.500302925671362,0.7677019581048078,0.4449734471480076,0.7716969829724928,0.48092400994307694,0.7778420511562121,0.250225116568159,0.5702581106204537,im_512.png
0.6882924886677388,0.7926585665421699,0.6866708489779734,0.816639881348839,0.6880279097479532,0.8172098413203956,0.5578818448926107,0.7559913425618356,0.5217320880104128,0.7795770773253549,0.6383644670154602,0.7705247465455531,0.300528541689789,0.6090535899534786,im_513.png
0.5676189022151742,0.729588412845137,0.631513587462188,0.7728151162630903,0.6174472377591135,0.7632995516179304,0.5542736046711579,0.7496368065331586,0.45577071347629544,0.7458979913837117,0.5112005403393979,0.7253146851532998,0.14858015036840846,0.527944263824571,im_514.png
0.6025023063466078,0.7872443752899334,0.6532728497949639,0.8018661336207513,0.5289183441888716,0.7343102470873407,0.5063908475911969,0.7869948207238274,0.5383689565233227,0.7930837520105918,0.389910139533211,0.7650068061547007,0.24782549267439943,0.6495910913534995,im_515.png
0.7529042885552888,0.8251299838643364,0.764724711435071,0.8357571909490773,0.746483526922076,0.8284986587275138,0.6964015829455037,0.8738674637224357,0.5953825541509489,0.8192548777647113,0.5948493533914927,0.8162241019884849,0.5677890301918528,0.7259838027451123,im_516.png
0.6975567357762589,0.8044488050932931,0.762426443771308,0.8494144746345383,0.6659129718309903,0.7844153682902885,0.6757168090494016,0.8486221800697533,0.5225072261939819,0.7864985303696501,0.5035171491874847,0.7583818313105216,0.34999327156771115,0.7486564165797815,im_517.png
0.7368598178188269,0.8195685052773182,0.743325780903946,0.8204285545710243,0.7583335722166945,0.840799528815751,0.680642004202749,0.8624700606286229,0.5700400872819906,0.812721238927833,0.5787887631662771,0.8064538164566978,0.5402738004203695,0.7132500140432643,im_518.png
0.7069119101997074,0.7937274153975545,0.733500372739157,0.805293105902241,0.7110213191381576,0.7740915983263682,0.6723349302650561,0.8454293775267472,0.6002803451949407,0.8006041870859458,0.6092389152032706,0.8024598481953035,0.5024538378014948,0.6789580102543286,im_519.png
0.5734802347432887,0.7684695651479411,0.5757432984863587,0.7759504751715662,0.6551659011025794,0.8227269253657472,0.5394491719311598,0.7535907652908712,0.43373570364866143,0.7666469291016241,0.44233116283918156,0.7593700171888539,0.21997654798113767,0.5773321488474444,im_520.png
0.6012559736176785,0.7759623033726949,0.6214515511785479,0.7771374706648676,0.6776791208815525,0.81059050079742,0.5319296178998513,0.7638653054201499,0.4608922062294979,0.7675376219640708,0.49491062456001395,0.7534178633534339,0.2430437041778462,0.5425773835792697,im_521.png
0.5505114857129615,0.7571733185227768,0.5861416194190815,0.7743688448783309,0.6459867513280545,0.8063265998487043,0.5329040547268712,0.7504658100887077,0.4231155217317746,0.7614319732639051,0.47827422091607524,0.7617795271630149,0.1777345642078701,0.5836990761626439,im_522.png
0.585361769925101,0.7754490589121392,0.6296179722520572,0.8014075896759693,0.649106374813383,0.8161190485466088,0.5200464929416915,0.753869655271921,0.44009941767300376,0.7577977876048377,0.490249339667278,0.7578732883934609,0.3075107085555363,0.5860166322387123,im_523.png
0.6495736458954211,0.7305004040068791,0.6475672503903342,0.7268643449863293,0.6489336058994069,0.7485030119126634,0.5976889748201168,0.787311838592253,0.5651711500484075,0.7714209774428802,0.5220820363922327,0.7655903314384291,0.3618438709842542,0.5330641345528603,im_524.png
0.6477403323331532,0.7871296016576506,0.679203942892417,0.8167942906895755,0.7099229467097034,0.8300419603090813,0.549980082277137,0.7632761096140603,0.49700580333756345,0.768262518839397,0.5160473716479697,0.7752825054718875,0.31252913741379984,0.5685606362658513,im_525.png
0.600008059189394,0.7127854775098387,0.598641013354517,0.7559166506479267,0.6585697132842765,0.7763346056242761,0.5720458151084029,0.748164702770164,0.4736669375781915,0.7632900563595241,0.5170410667037106,0.7464501698141135,0.25421714762559233,0.5647638179916622,im_526.png
0.587113633365648,0.758046330915293,0.6213664101906846,0.7533578969100636,0.6925800310090083,0.8286504274172147,0.5276196134435752,0.7573643948243958,0.49621274824696304,0.7641612560514444,0.4945566455902855,0.7578594714223058,0.2547934408874712,0.5792789101826731,im_527.png
0.5995135731878938,0.7530630396991908,0.5966976062966688,0.7523248864868092,0.6327170534807312,0.7645653223999765,0.5689711747610237,0.779204340065986,0.5294981483306814,0.778024537419881,0.5556337575213329,0.7813637565224986,0.314100071934252,0.5765508334021938,im_528.png
0.3121951219512195,0.8223350253807107,0.46445497630331756,0.8121827411167513,0.4358974358974359,0.8195876288659794,0.2420091324200913,0.8168316831683168,0.40609137055837563,0.755,0.358974358974359,0.7794871794871795,0.006051294914403963,0.6586538461538461,im_529.png
0.6177654828375921,0.7800321686018489,0.652593525521371,0.8016279461591072,0.6706084311769371,0.8167769560455221,0.5451893754525727,0.7851608530813088,0.4813845907429322,0.8008900178377574,0.5296578528487353,0.7997508927436295,0.33282152423614986,0.6130265465991745,im_530.png
0.6425468830442498,0.8298550989118516,0.7001897705403685,0.8681722278596659,0.6685467503809567,0.8636585095249861,0.5709989320379084,0.8354562367149645,0.5794115490952746,0.8524789370078206,0.5286984867762304,0.8368874062394049,0.4421729004565907,0.6306231518727007,im_531.png
0.6484074921011603,0.8074572188866963,0.7115498748728758,0.8208345827411841,0.7004421082328176,0.8184290550625267,0.587720165582016,0.7817857374992537,0.5322061726860752,0.7920754783331819,0.5174754676374681,0.7989751049977043,0.3861045417001696,0.601870484225497,im_532.png
0.6533036548831206,0.7994244757841529,0.6903575324472258,0.8026989398599584,0.6891921869600626,0.8148735776757059,0.567220916675082,0.8034377963197283,0.5345558414822271,0.7931125400737351,0.524320911224413,0.7958796421679348,0.42959332084649005,0.5784313738596528,im_533.png
0.6652460750968195,0.784853568310672,0.6984164531758583,0.8026114615034949,0.7052970911239227,0.8156117567877168,0.628185675819397,0.8056441304216471,0.5418230129628835,0.787972821551013,0.5479898297186807,0.780999692030221,0.37058992405883795,0.6228447424965411,im_534.png
0.6119309906188044,0.7723951749407588,0.6724827952512483,0.7981823237178215,0.6832614945987476,0.7995880371665067,0.6159704649305751,0.8071103540504618,0.5648997977729053,0.7826462603669699,0.5179682335734153,0.768007796806925,0.4006381024064548,0.6483724570758976,im_535.png
0.7437562113915606,0.8465552114353255,0.7968208639725133,0.8748224674010254,0.8097127973430379,0.8721398888304606,0.5962745938398027,0.8135741312627844,0.5589914968218638,0.8086119556105097,0.5738399344224873,0.8068231458140772,0.5100430634792393,0.6950010194604546,im_536.png
0.7620431232079536,0.8626764869514817,0.8082579073757389,0.8900448772127996,0.8224259355376078,0.8952012614788062,0.6571848772828391,0.8546091315781953,0.603365132585788,0.8396005660632029,0.605478738208005,0.8410643825367101,0.522254518478988,0.7176798311223609,im_537.png
0.7856696033981968,0.8479909146043297,0.8184454086232247,0.8813806803072148,0.8363512232901965,0.8929151899413081,0.6560421908844205,0.8176634164349879,0.6214435097234469,0.825007914921543,0.5995092296693418,0.8254501270967483,0.49518252931634704,0.7011385680406588,im_538.png
0.7339133017372786,0.832362735853537,0.7615409362363482,0.8525536259159802,0.8009418878212861,0.8817376897900384,0.6740551945033567,0.8588425691881028,0.5627169461392391,0.8318801850536037,0.5728626820497633,0.8281363459626154,0.4895037498048088,0.7278239973579436,im_539.png
0.6363558904148442,0.7974094372738774,0.6865745725402234,0.8209944959107416,0.6912347199652055,0.8381987675306657,0.5561569896803683,0.7595492154895126,0.4949195218254513,0.7840486136859742,0.50051736343247,0.768931397460685,0.2805131936451251,0.5056287525935759,im_540.png
0.6354723125429137,0.7983111918891245,0.6709069776879407,0.8096897998834456,0.6766431609794668,0.8326177555153846,0.5387008600561168,0.7617153319216564,0.5301946629095229,0.7862657138044933,0.5068765894497089,0.7806727757780852,0.25923582015118635,0.46637226702502804,im_541.png
0.6377109764659488,0.7998924904412327,0.6640500509565725,0.8206078872750667,0.6790579868436335,0.83381858869936,0.5341193626142975,0.7561936534616022,0.4548512006860807,0.7690951477507904,0.5014965870975876,0.7664488795952984,0.2819251211514378,0.5098107226705564,im_542.png
0.6488448389984444,0.7834597565692027,0.6534387122183793,0.784669966424351,0.6791113988384406,0.8170335253911959,0.5740277616012767,0.7479764586840254,0.5250514417093376,0.7750845748549022,0.5455455828524891,0.7560036676525943,0.26606388218517546,0.47854949939738184,im_543.png
0.6189042089071254,0.7969506446986617,0.670744934516299,0.8337998069807391,0.6408122433896185,0.8262601724778192,0.5813724003728266,0.79929467316104,0.5632773180832454,0.8004207073397703,0.5515904008305234,0.8197557840171052,0.4270152688642906,0.6214542512573255,im_544.png
NaN,NaN,NaN,NaN,NaN,NaN,NaN,NaN,NaN,NaN,NaN,NaN,NaN,NaN,im_545.png
0.7056428474253067,0.7945151382287757,0.7199921424477822,0.799251299955497,0.7218350128875143,0.8163431305644249,0.6568636684380285,0.8166054708267745,0.6194189717909506,0.7878146036840601,0.5893432576295704,0.7855192060595066,0.5632383196942914,0.6370681818056297,im_546.png
0.5230125523012552,0.7664233576642335,0.6453488372093024,0.7938931297709924,0.62,0.7388059701492538,0.6536312849162011,0.8652482269503546,0.6611111111111111,0.7969924812030075,0.5857142857142857,0.7847222222222222,0.6111111111111112,0.6184971098265896,im_547.png
0.5622236622595175,0.7658429964188707,0.636852118274372,0.7838310527835496,0.6329888527981137,0.7944137661916549,0.5302164320157187,0.7856342272371207,0.5095668220575994,0.7664648723016464,0.5210016908652745,0.765654096352325,0.23464306515520633,0.5488170376342236,im_548.png
0.651116264703901,0.7943597995010527,0.6725557619008882,0.8164342290057705,0.7160007531905879,0.8383153697633797,0.5715960535263274,0.786226432643058,0.49497878228224673,0.7843337741776366,0.5153024151722041,0.7702822280874625,0.22636056949748792,0.5763961993759819,im_549.png
0.6238639243155576,0.7738946866511922,0.652446812388721,0.7827356951488589,0.7071703200289804,0.8311027819918904,0.532757880723205,0.7619430246388741,0.46585988350124763,0.7636966200550189,0.4941398027478273,0.7737622823035655,0.2725774510756924,0.567268038460213,im_550.png
0.630932956552574,0.784258813593419,0.6345742611746329,0.7740047735647714,0.7013965282111742,0.820827687893793,0.5587271012809176,0.789159377352013,0.4682223446095787,0.7692726327448202,0.4948525717831447,0.7688328663908723,0.271576103107519,0.5613952959290317,im_551.png
0.6519662545499879,0.767029480250249,0.6569575676178832,0.7812955175561793,0.6585583411306087,0.787256248153222,0.6015191119849658,0.7709807785789278,0.45485554547290113,0.7622857757364,0.5241159506722485,0.7663797657522814,0.2480618090914826,0.5451938975659911,im_552.png
0.6856545664902466,0.7768037946022669,0.612018642753035,0.798374656203494,0.591167349682404,0.7942626225187266,0.5948381185310216,0.7933995022529946,0.48375028935803954,0.7887358984904821,0.5402832957599737,0.7765621133418735,0.2532014354870111,0.4743671744655024,im_553.png
0.6307308900322968,0.7812132488270346,0.6155072533527945,0.7997754871654186,0.6221280162311063,0.796409086832537,0.5278043035397536,0.7647591963408639,0.4088343317224008,0.748599268374974,0.4404600127568854,0.7578368019516061,0.3040474122994022,0.6308494773197023,im_554.png
0.6653290637242678,0.7945611462300186,0.6794696189728525,0.810151388662376,0.6706085051607392,0.8126487720555434,0.5468910094621744,0.7882310635133833,0.4987623504035695,0.7776533420469872,0.4758109576050678,0.7807406926843671,0.2787322277694816,0.6144339030064414,im_555.png
0.5677865102236028,0.693685568700273,0.610205931373874,0.7448698888985182,0.6506674574621182,0.7580273606366938,0.5040933942470293,0.7040954516681049,0.4818034618686595,0.7015541046058376,0.47719590567001574,0.7019473827300399,0.1638213664026688,0.5068977190789775,im_556.png
0.5719530505119543,0.717766570470042,0.608495719513872,0.7536927895887774,0.5914490094851363,0.7699965760007892,0.496498630540105,0.7185005102664372,0.4621458719740181,0.7134692437387956,0.4718180240076665,0.7057109395358824,0.14993557618891104,0.5384732642192732,im_557.png
0.6076251344592875,0.7283185174402409,0.6403045758512488,0.7584729661954919,0.6415956348058891,0.7583009494197712,0.520756596409719,0.735594295868884,0.4327477404653953,0.7081294691428845,0.47241073137814155,0.7126174448024413,0.10981553126614241,0.5791784306088701,im_558.png
0.6099020151957221,0.7503275485486776,0.6536949437813523,0.7785864020531444,0.654977743137927,0.7795281265966323,0.529443592647471,0.7573458847127384,0.4079968108615755,0.7366793596661326,0.43145018408818636,0.7376706167245712,0.1687711881296421,0.6106484315762793,im_559.png
0.5790258010211209,0.7648213664149859,0.6087441365756489,0.7861959342882064,0.6314220314528987,0.7878378931337152,0.4920471390745242,0.747349937653893,0.4070765797278595,0.7369794524694605,0.45421498726150944,0.7308411553330709,0.21065798860227772,0.5853956482602077,im_560.png
0.6046558177891046,0.7706847120053782,0.640013665956913,0.818375707746021,0.6468315200028808,0.8231017743494521,0.5382137405009578,0.7652294575894135,0.47342122639988893,0.7572245209957482,0.4662300294017046,0.7637140835837826,0.17009628165203683,0.5747784225844881,im_561.png
0.5939249268887539,0.7430915742700733,0.6131492735332227,0.7686628003828159,0.6293443865423957,0.7754633695880571,0.519692502458845,0.742194409740121,0.46353920917446784,0.7225769612571091,0.47744506156426275,0.7246954278010094,0.20454782498533142,0.5715447385390221,im_562.png
0.6144672784193886,0.7511641727149876,0.6124263040788969,0.8002559909677672,0.6652166558530879,0.8040939395034387,0.5381670663099133,0.7331353892758711,0.4831410259991447,0.7289836145401491,0.501934805008111,0.7263581272858347,0.20189805054069207,0.5577062811884747,im_563.png
0.6453989305058794,0.7907967902939517,0.6671214457935211,0.8090449234930871,0.6686616591715324,0.8049535186222608,0.5190277423181898,0.7622044194005572,0.4239965581666927,0.7446121685648576,0.4770564241043586,0.7433250381425337,0.18544552696326452,0.6083204456219364,im_564.png
0.585573610640447,0.7806078642375479,0.6277644735900221,0.8163431504805279,0.6449673857417936,0.8157578579872785,0.49165992054206065,0.7518885538820009,0.4131836783312966,0.7522256576928217,0.42612417828359955,0.750377246107008,0.25417571177805065,0.5995229609611319,im_565.png
0.6137183355580732,0.7818026698071621,0.6502483000994813,0.7939074042814214,0.6450277837059366,0.7910958341670467,0.49647534450324055,0.7692504085450339,0.4883603277087233,0.7632116692620348,0.4946325453864307,0.7651338275166873,0.24392784614425833,0.6308481182652554,im_566.png
0.5739264875294319,0.7824070985796725,0.6264580212046721,0.8099159699389371,0.6255471453535413,0.8032263285371807,0.46528576691789725,0.7623028462889713,0.4321718462065467,0.7536012902799061,0.42861778831542297,0.7508367996209113,0.23625652227828864,0.6158842891499836,im_567.png
0.6223374965132675,0.7719276029016359,0.6282680648041271,0.7871775169439276,0.6130867863199652,0.792628863270555,0.5295822499971472,0.774187433721501,0.3944582402122901,0.7525937575940526,0.4576495226348414,0.7499324046276205,0.18511562395068126,0.5298059430445303,im_568.png
0.6152076446435261,0.7943886694123009,0.6412580685520425,0.7982978203624087,0.6322884073690452,0.7971939630727057,0.4973866620045332,0.7725372954056384,0.4056240150690385,0.7556014032613517,0.41998341230673153,0.759536208723476,0.2407810223719064,0.572611288769162,im_569.png
0.6118646873152918,0.7570995345187157,0.6579744971197723,0.792315803067276,0.6763037743340751,0.7932234205034727,0.4917503088637795,0.7264721745825169,0.41777656657473067,0.725927337770092,0.47315027615372335,0.7238094734979423,0.1475546711822649,0.5774930500146133,im_570.png
0.5828957994280373,0.7483731822244186,0.6512971898943344,0.7845516031684752,0.6735267338623003,0.792545203013005,0.487952656555872,0.7387958664217301,0.4304274304665654,0.7331168275517248,0.4514419765915269,0.7441723365791969,0.13156718048002566,0.579754940035315,im_571.png
0.6224155208347116,0.7746864891100697,0.653635324178522,0.8034354704042204,0.6514384487008222,0.8087386271668575,0.5179131819732847,0.7701989276091441,0.4439286693170049,0.755568294115757,0.4598077687765852,0.7484849620643189,0.1941871160974553,0.6038842219527146,im_572.png
0.6060742043306779,0.7742477216399238,0.6235537645969234,0.8178613143093709,0.6255319281399512,0.8039352048549603,0.5462131640684534,0.7495661853441303,0.4466301771354126,0.7509607899728129,0.4307342145142315,0.7540240697803058,0.1894604764778261,0.5789856972695571,im_573.png
0.5929130033190975,0.7437800148009849,0.6236778439676816,0.7720668745235691,0.6480013092704126,0.777510172238717,0.4966331466367134,0.7346152507158182,0.39281785413947073,0.7213276060484356,0.4201241398968477,0.7286274341146969,0.24116280045326577,0.5900313955899988,im_574.png
0.6111232814548018,0.7483812514939764,0.6654258971076373,0.7926707161600963,0.6802022335667102,0.7945909733303762,0.552835264220401,0.7264026319254282,0.4639964122346861,0.7384381737772636,0.5097415564000918,0.7399433652395165,0.17788654818848415,0.5461611553642075,im_575.png
0.6165683558518015,0.7604355830177333,0.6757694989873784,0.8068378550303483,0.7134372402874052,0.8194448386822486,0.566344681978177,0.7715608695544613,0.5263837093934637,0.7659257292234193,0.509114307620099,0.7534912757050609,0.23860317363359274,0.5443170022500499,im_576.png
0.5767296952086134,0.7411070665855105,0.615355609991653,0.772355969795713,0.5870975892843356,0.7691814219012447,0.5006598793720881,0.7368058723496493,0.47342080339417625,0.7313080859444785,0.5057350117650317,0.7164187485590954,0.18492758744327423,0.5075688835134944,im_577.png
0.6204809669246774,0.7764048257363806,0.6374490896284503,0.7956279108509449,0.6101180557512504,0.7828346474509984,0.5506969706915744,0.7701789542375941,0.4838155541379391,0.7601797239412663,0.5037616651783405,0.7663503980753581,0.27441919958669275,0.5460341659161433,im_578.png
0.6493109296520752,0.790438661403593,0.6155578093736105,0.8163045639671513,0.5993732406352331,0.7978023737553847,0.5936762608312306,0.7938543806303306,0.4489106285223637,0.7651506441335928,0.4910522128243589,0.7709951647082545,0.30184006394255364,0.603213840882207,im_579.png
0.5234499288616994,0.695932278568094,0.5228102557673616,0.7085119389172465,0.5166493072875801,0.7073420844738556,0.4840724326423203,0.681894612313404,0.35547784231189755,0.6724490142092387,0.43562504967608323,0.6688061551458707,0.05497350985315457,0.5726089977517308,im_580.png
0.5733911640210736,0.7462703531263659,0.5989487025454061,0.75641033770303,0.5905814940308509,0.7602552853184517,0.48035267142188537,0.7162015227054171,0.4316410751093308,0.7045028798464418,0.4700131950041821,0.6975761659287778,0.048763203662665434,0.5973633513146884,im_581.png
0.5375648700169112,0.7056236400428479,0.5799192760498608,0.7541612297323425,0.6249631997140965,0.7444212769062799,0.47026900682682515,0.6759677423380936,0.35935371430226076,0.7012094230605285,0.4604776427367522,0.6979842350720397,0.12281120368726102,0.5635136603897036,im_582.png
0.5454536962755417,0.7172793747198437,0.6105162366441743,0.7693363203260591,0.6025828107129173,0.7578727478664629,0.4809763721445756,0.7077269874727681,0.4297523477686842,0.7234084589673045,0.4811799399149397,0.7182094349783852,0.11473087264830131,0.5498626782086912,im_583.png
0.6442803041523228,0.7878404986194133,0.6549264174907117,0.8077118733737568,0.6389696388670034,0.8013643354998348,0.5636236681104746,0.797715036299254,0.506330065841272,0.7912314230481077,0.5055348540675596,0.7925926779609097,0.25960238097759925,0.525768671796892,im_584.png
0.6786005731229252,0.8077154404105666,0.7018492686438055,0.8183942927269284,0.6951092611050188,0.8113044786860732,0.620305520947733,0.8207965205371739,0.5611857857624373,0.7974652820887411,0.5394207417322155,0.7949978926912605,0.23318429832052065,0.5940168255924293,im_585.png
0.6616372154493255,0.7822366057318659,0.7010264147480388,0.7985261626293898,0.6936620123838925,0.8005087269609813,0.526394986062782,0.7678287783382927,0.4906220972138942,0.7596550979234747,0.4966637131959717,0.7483872010044288,0.19203102263579286,0.6006710882602753,im_586.png
0.623443078346715,0.7766446476647306,0.6731843927542195,0.8081656004815659,0.6729819573621989,0.8020043575186603,0.5308983441634783,0.7545337615727284,0.42367307004587335,0.7412941591750415,0.43244792665764137,0.7397963088369753,0.1707212870640361,0.5951441450140363,im_587.png
0.5662805144168261,0.7356722929846997,0.57679369456839,0.768387932915941,0.5850910500105073,0.7530702430191842,0.528458713892689,0.7682843190005058,0.43017644509841146,0.7335083958952489,0.4592163853226426,0.7418782298162749,0.20589720765766245,0.5582453716858498,im_588.png
0.6597046029917846,0.8004859451630706,0.6808618332512607,0.8150749679857968,0.6947134042249854,0.8154342962674409,0.5596749398391384,0.8032153487996165,0.4948886669673577,0.767587895465506,0.4912199851141818,0.7730057510837945,0.32119024692302794,0.6299631908220871,im_589.png
0.5796409184865612,0.7290006472906452,0.6479702283711266,0.7674523268286496,0.6516270521944888,0.7792952824088341,0.5159521981099302,0.7448018131391573,0.47213632077195744,0.7248915447040243,0.4428075345443745,0.7219775196437319,0.24540443403633977,0.5671320826450996,im_590.png
0.6258724107555483,0.7334295513363506,0.6744647687643329,0.7525917447386272,0.6577447051970404,0.7520533468873019,0.5660837552098056,0.7484711366124884,0.5535192798013695,0.7380900599064204,0.5528583354947255,0.730928025944696,0.26531270955186886,0.5687770808609394,im_591.png
0.5927518951760431,0.7493165647404748,0.6397193298164683,0.7868430412513154,0.6546343626714101,0.7881637641168744,0.5177328243320812,0.7601105808936576,0.4605437131947112,0.7462560330127481,0.49945638698981976,0.7347857053040096,0.2368508384936565,0.64668299620616,im_592.png
0.614896128761082,0.7393428258643918,0.6583217237083093,0.7831275447114711,0.634137923404647,0.7837572886216887,0.5493090858407367,0.7416074855766575,0.523621173569744,0.7358227086783105,0.5316062535600474,0.7381145594756371,0.20042526100218944,0.5846607654583945,im_593.png
0.5921793741818036,0.764500422674033,0.6579827997428244,0.8028833769816439,0.6477488542683885,0.797064078705233,0.49543295436303736,0.7483676991911911,0.4642194680967293,0.7393679843870351,0.4521421377348583,0.733812858057716,0.18327961451328323,0.6294747458918306,im_594.png
0.5770980921380992,0.7644485574792589,0.6021835969707491,0.7922784763081151,0.5964196790217519,0.7922062957949941,0.48957474944244717,0.7264670697471954,0.39493223247018844,0.7154704859706613,0.4086281051052282,0.7231842794168524,0.24197558350078902,0.5847304692011274,im_595.png
0.6018238979892858,0.7680968939853859,0.6009358431613978,0.7720170968416565,0.603359768847918,0.7812170755370835,0.5264042043448399,0.7497126903692529,0.42850101618650027,0.7345348846034547,0.4584757043034322,0.742004469187329,0.22786198110548977,0.5612298075388903,im_596.png
0.5738971611818833,0.7312743498169028,0.5842072920492233,0.7501296267710764,0.6024186038117941,0.7512947510764196,0.5030243475834079,0.7170935667298766,0.3554515783692683,0.6933314475072815,0.32720569552824635,0.6892315882753823,0.13483425900032547,0.5668780619366883,im_597.png
0.6539823212542463,0.771006553344242,0.6698294574369208,0.8021996929709381,0.6733628837157298,0.8036560838090097,0.5482381221066269,0.7698180338478443,0.4529887861963416,0.7502427499556027,0.4722250471514661,0.7400024058408167,0.31950228677293013,0.6181874078594226,im_598.png
0.593253426951288,0.7518876989431079,0.6164024621000292,0.7818788588188954,0.6154909039477446,0.7781004661933918,0.49794780457532234,0.7232697736163975,0.4215050610031481,0.7117456361904844,0.38143539364642065,0.7120524832379661,0.1594353662930469,0.5697318151720269,im_599.png
0.5499731753380519,0.7165321579703234,0.6280460036722154,0.7727611295094888,0.6298339910106335,0.7786669129987001,0.47912585855349415,0.7231353514942966,0.4419246241984663,0.722561202419414,0.45835592797598673,0.699397707565793,0.12595571308835696,0.5812623643720691,im_600.png
0.6990106905836617,0.8138034256207792,0.7423867268207051,0.841145482580064,0.7300162439086777,0.8361240847219695,0.5552839276749792,0.7853634089461539,0.587039051732262,0.7784818882744335,0.5958969185335119,0.7848218446691385,0.29093615589843713,0.6010992919822477,im_601.png
0.6137779499673199,0.7613867101366907,0.6612496674362544,0.7903080753435022,0.6679254965061563,0.7882402108572139,0.49398826461876977,0.7435552695486751,0.4768337209671037,0.7210862273894104,0.45919359466001636,0.7164077208780331,0.22775981530921402,0.5987473065376194,im_602.png
0.5969352005673628,0.7362545140995654,0.6855526293170237,0.7977775312343931,0.6770551956579731,0.790298940961858,0.5091146230308677,0.7357569516090446,0.49654741684242626,0.7297698204383912,0.4826211783029236,0.7168170529224852,0.22446086816860952,0.5777912302141042,im_603.png
0.6301125546360963,0.7266721955698252,0.5893543604005582,0.7657292596192422,0.6438497128995907,0.7700838017279679,0.5795716292671937,0.7700441579423037,0.5133438130678463,0.7345736584502967,0.5051838387087083,0.7054072909763263,0.2768430072350975,0.5955006273148717,im_604.png
0.5869858727549873,0.7662207887740067,0.5757466407234845,0.8142912143245966,0.636330698493755,0.8038346666615303,0.5852811041584883,0.8151608043869509,0.49616038034328425,0.7876751512878607,0.4925935678572172,0.7661122007452132,0.29985377004584846,0.6282493328100962,im_605.png
0.5915274663922953,0.7508024805942415,0.6093966961413856,0.7694502186187397,0.624927121752367,0.7705833707410201,0.5294300239745797,0.7334564857899903,0.4271409547359104,0.711548949424772,0.46020623704820973,0.7253794056470051,0.15283681955820247,0.5869108145025684,im_606.png
0.6200054298032277,0.7336391590133301,0.5849397435950312,0.7517986919622709,0.6086303166949186,0.7672104052560668,0.5397654118762973,0.732010050182914,0.40306745224248164,0.7360021799772032,0.47096525886099505,0.7447234135557486,0.25936205336638457,0.560662494191019,im_607.png
0.660805139774836,0.7842017129306067,0.6733129781849534,0.8134124276833944,0.6870450125298491,0.8186589701312329,0.5484463149255492,0.7519945237167598,0.4399292820989851,0.7278735506503495,0.4819297568422418,0.7153572342257533,0.2563680223550582,0.6298075856455506,im_608.png
0.5871747115651508,0.7431164534148098,0.6322048359052453,0.7592317536658744,0.6243573737730743,0.7586649120196319,0.5036549788322195,0.7239978133641509,0.4516925260623313,0.712879053194226,0.48494820140020395,0.7152346166381192,0.1924928666073568,0.5659257831609071,im_609.png
0.6367066044954653,0.7775140500269582,0.6943747761464774,0.8189383106507925,0.6877813177073232,0.8125867048297787,0.552005167417187,0.7767506723669583,0.43626559099107887,0.7114228145727743,0.4620927442117594,0.7023807041503384,0.3216114880283049,0.6600288175096604,im_610.png
0.6113744701602236,0.7571154216192416,0.6388926917302921,0.7696763573168185,0.6647218780753729,0.7697061607015576,0.5354516254196797,0.7610911412311673,0.43254270807231765,0.7152070014080694,0.48945162935808223,0.72080952803259,0.21854960988657762,0.6052708100189076,im_611.png
0.5914914200460165,0.7248893583965391,0.667120427208868,0.7751251844326161,0.6873228253017013,0.788360595392146,0.5385118681142512,0.7183790165664037,0.4710701540948562,0.7310623400666775,0.47723222226658873,0.7174775191505315,0.10511877872179669,0.5247702605794436,im_612.png
0.6455103484486505,0.7663393908885837,0.6707077577165531,0.8019490483869851,0.6923563984570207,0.8039143761721861,0.5330982390057162,0.7660208130155567,0.4656991698967021,0.7385646595174875,0.4808582305961845,0.7338160716895451,0.11473826395464404,0.5378427340473592,im_613.png
0.5852364446799477,0.7283395794809335,0.6460555909199166,0.7866140482036845,0.6500966146113826,0.8023114458895443,0.5422749965511081,0.7633301254263704,0.4379795761867876,0.7325913265434665,0.5061409535639139,0.734105253361618,0.12050485387473689,0.585544959776379,im_614.png
0.6197601123315906,0.7563699456868517,0.6557309725159406,0.7696328654564734,0.6396894407714449,0.7738318768873921,0.5729170388384197,0.7819590859952653,0.4420817384763696,0.7562725670994739,0.49853972616647024,0.7526746413905087,0.21349662661856114,0.49350662927075745,im_615.png
0.6366622200359979,0.7679384834324451,0.6580010057832836,0.7999294351402455,0.6473822452989796,0.7863914772841044,0.5374666459937382,0.7513921408945048,0.4761241989761697,0.7165152985064438,0.48021591695714233,0.7172678581523645,0.09266509858321463,0.6020037884717647,im_616.png
0.5669234122906073,0.7538146430568311,0.5907588593818237,0.7814338051173373,0.6117563059452968,0.770296454846039,0.4712451033406573,0.7474360714120845,0.4376469452012571,0.7292782495914749,0.4016672877677446,0.7313605083253277,0.25478185787953833,0.6169497950812586,im_617.png
0.5819537247108709,0.7756633011855764,0.5924219726179488,0.7966323714113732,0.6051896097901251,0.7987283083392074,0.5109989981724208,0.7517983182748467,0.4367731775275616,0.7450809155680027,0.45021416685203924,0.7482472023919101,0.22162223264628572,0.6345932146093315,im_618.png
0.5795083360443217,0.7762738381195644,0.5771575443479028,0.7835028645696451,0.5547657888967189,0.7603043374271232,0.5659042268386103,0.8226246152830883,0.5028972750211541,0.7679852796065801,0.4957031857504301,0.7848897270427886,0.38339958835048743,0.6254933958936837,im_619.png
0.609131441626084,0.7717786782436752,0.6335117477753296,0.7927883028176866,0.6334056529902509,0.7943833813569743,0.5013534294334343,0.749824644124639,0.3917905432585444,0.7294394737952553,0.4427011971195581,0.7327486596135809,0.1512409643870284,0.5692866279426959,im_620.png
0.612793724947218,0.7783719658059786,0.6655991056720203,0.7988146099386688,0.670945993052394,0.7992433947827554,0.5119707407608519,0.7704725390840202,0.4851642507487009,0.7563456984616674,0.45797994306948414,0.766954565013319,0.10461948895664962,0.5726103883919993,im_621.png
0.6131250529488688,0.7680137151029985,0.6266834389414537,0.7838064035009658,0.6194627387445312,0.7757431525297523,0.5062348511093953,0.7491163708534798,0.41946418981728073,0.7400781258018001,0.42289302563452397,0.7294034210878165,0.18726404136521538,0.5578865257991659,im_622.png
0.6092596809736754,0.7715452230028349,0.6495277564079293,0.8073577195229173,0.6457662329636802,0.7915299100262828,0.5257918715832324,0.7537881513760336,0.4843056572181698,0.7444965067925954,0.488243693027647,0.7452854505441879,0.267531931728449,0.57302050091724,im_623.png
0.6389315437375511,0.771770321978796,0.6845344670018512,0.8065250160047563,0.6894036933351214,0.8082193659194854,0.5382215868277107,0.756489839204782,0.5226745789992356,0.7347728219940883,0.4916920629765695,0.7391314872885589,0.1744666817816238,0.5770977109764043,im_624.png
0.6370355138352366,0.7799275787105726,0.6621436212955244,0.8070351208730288,0.6846715584236411,0.8086933683162243,0.561348351787033,0.7478169974564381,0.5214494604106367,0.7268791449768717,0.4989936370789797,0.7339299312467332,0.22597634802856725,0.6199825217851721,im_625.png
0.6070747681305726,0.7652586387264682,0.6823962292371049,0.8120821647243063,0.677528038524174,0.8086477279605954,0.5451992065561555,0.7643961438222875,0.4811640103944385,0.7521311716101162,0.46370222047697524,0.7530606975333067,0.24574148998983394,0.6062216994458076,im_626.png
0.6675662510285291,0.7866362405474465,0.7030394242919383,0.8136132523735167,0.6804990697686282,0.8071643841371271,0.550537662769816,0.7646853050756971,0.5396632910138084,0.7498246888217335,0.5147606545876512,0.7539709166741518,0.24671419774778822,0.5602230552235731,im_627.png
0.6049666654661697,0.7779693505654874,0.6688173747631976,0.7990082256678285,0.679518155045607,0.8068469456967458,0.4818265000049863,0.7525660696658109,0.40109563612320115,0.7590450984322534,0.44201910976072667,0.7550882848187812,0.3030589616274608,0.6192139077583487,im_628.png
0.6024656908532825,0.7593636807416967,0.678461682100773,0.7917749790038187,0.6934500855872887,0.8005478844703652,0.5207349165723866,0.7390883835143613,0.4721079794141324,0.7480011006651752,0.49122026204904085,0.7308743313754575,0.20835245151929105,0.5883348876808461,im_629.png
0.5914356339398333,0.7792896945602548,0.7038932080261229,0.8118676086144454,0.6923935760726814,0.7987095039645804,0.4927223432584032,0.75613781169416,0.47879923199470287,0.7556990421929561,0.497846910510464,0.7603348108753674,0.333117184184714,0.6221083026858568,im_630.png
0.530785011007555,0.7546609467488888,0.6734725228516445,0.8085962533612043,0.6533690284956799,0.7929524917449048,0.4867794237482549,0.7107342065443132,0.4849256168497873,0.7497033573275429,0.4821230970864822,0.753931186660993,0.32980039973260317,0.6204236696626038,im_631.png
0.6137568538200461,0.7550930929892745,0.630723564947828,0.7776592807163144,0.5852304662545459,0.7450035755689844,0.5558945176901051,0.7823203835226347,0.41563910089476097,0.7378767393507456,0.47802715106253785,0.7292422006308993,0.3007815131651237,0.5631465393190849,im_632.png
0.5962863208854003,0.7592091694735315,0.5985524456961955,0.7688957051007885,0.6096441369407344,0.772973447372437,0.5087651676194233,0.7207221868306619,0.3868781858079178,0.7321998010426422,0.41587856578633087,0.7315891534640038,0.1758471122931883,0.5575894313986736,im_633.png
0.6909090650902358,0.7929920370859452,0.7240482175867298,0.8274513379241063,0.7220437398118329,0.8227349434731508,0.544054899234537,0.7540865932271866,0.5639806363557754,0.7616652378777027,0.5606540557650944,0.7742019278192105,0.2113087203056568,0.5745010792879265,im_634.png
0.637840544936281,0.771078945460511,0.6381766846347783,0.7865553959652649,0.646860669849998,0.7810226194623343,0.5338265343297734,0.7369499258639439,0.41531908472396845,0.7392556093641507,0.4352763499740209,0.7418131885180634,0.19127379686464488,0.5729667831871403,im_635.png
0.6425997081305483,0.7681823941992036,0.6820308031950253,0.8070615528513886,0.6468272312317945,0.7844489974678811,0.6164008779296889,0.7849458287437078,0.42379853867860456,0.7537276681854991,0.47609304461160806,0.744001492599902,0.18587178660242532,0.5759126846330456,im_636.png
0.5637970305348845,0.7528687071463382,0.6301000250197557,0.781681322178044,0.6316048307899381,0.7767090621406633,0.49305390597822485,0.7318001037145163,0.41710827452048505,0.7348043227596437,0.46498908666352956,0.7258303793259986,0.13504311193565938,0.5871403045344386,im_637.png
0.5775224751137791,0.7336851186470469,0.6488784375701118,0.7716265328150884,0.6377358052098356,0.7627931366656728,0.5263062343226248,0.7268977331285308,0.4527365444065269,0.7097397703641469,0.48220403866563294,0.7249287912724942,0.1653689196670754,0.550239366704501,im_638.png
0.5244577086977693,0.6995951960862272,0.5681338099068944,0.7293205642184737,0.558711370940243,0.7267310754944504,0.48623824102825547,0.6960938587374468,0.38835622111316187,0.6833174154095205,0.4550190469533003,0.6760613791885415,0.055398277202071244,0.5675972226405926,im_639.png
0.638446831739124,0.7620856206389706,0.6989784774982021,0.8163316922040422,0.7156320535137225,0.816998753884213,0.5578872725417903,0.7639722240215686,0.5336763574291822,0.7675217783274222,0.5236586884919322,0.7563876689739654,0.13915835829876727,0.5804970268774147,im_640.png
0.5552079857403499,0.7305835150688036,0.578334603832122,0.7792215133468212,0.6071167189317804,0.7955465735084967,0.4796334204933772,0.7382748797325753,0.41406252202628646,0.7386424402747801,0.4446573157509611,0.7490118688180799,0.09424965886974733,0.5660679463456184,im_641.png
0.630924261282847,0.7665887670461329,0.6400349892420744,0.7969015510781161,0.6693488096152025,0.786924249167147,0.5740979463699856,0.7784323504059554,0.4321850370244986,0.7458636993409273,0.46402715885295864,0.7548585976209623,0.1898615786256803,0.6055467616551716,im_642.png
0.609132006421626,0.7505967256514728,0.6029205231838767,0.7836809205588131,0.6125227450364966,0.7668706457173683,0.5515041742844182,0.7556264824162167,0.44483159662604377,0.7403792159781115,0.48417080166512066,0.7478292724918025,0.2095919114609417,0.5292074802665298,im_643.png
0.6641821708681835,0.7997351969124064,0.7344685422197591,0.8333854784828078,0.7324738818852136,0.8454592962092566,0.5491313946241958,0.7774585192221698,0.5494185431762528,0.8000218952443027,0.5309244565596114,0.8101687007757347,0.3130151290795457,0.5558340019400432,im_644.png
0.6920977195302831,0.8006129716898347,0.7393202790382305,0.8170170103078771,0.7285913252932852,0.8300411371835996,0.5746728668707287,0.784796239461218,0.5478992115426988,0.7921845751967151,0.5566949477960657,0.8016041338411635,0.3206353266448433,0.5579684044238691,im_645.png
0.6474590935795551,0.8056502307178119,0.7569051239496639,0.847183526553837,0.7545497357658317,0.8553687303352484,0.5186616486012773,0.7683458844989822,0.5472494508108919,0.8113564245230537,0.5496893794733352,0.8096032314436752,0.429514519484041,0.5849246872796465,im_646.png
0.6523511649995596,0.7901279700331776,0.7546128571939158,0.843808875957894,0.7637178655780286,0.8523271256490046,0.5467388539549456,0.7750621446226933,0.5353467798694328,0.8013420482616042,0.5414367875175546,0.8024542616878214,0.3790022262198466,0.5845325045454598,im_647.png
0.6737325161076932,0.8188538232934847,0.7561959229891047,0.8486202626472579,0.7841305705571625,0.8651153861205896,0.530714757932363,0.7773360267204997,0.5363707958982918,0.7955071044300694,0.5588989209334405,0.8000646290851464,0.33330856767441286,0.5481383581570188,im_648.png
0.6937761797462856,0.8139209373037125,0.7007968198219354,0.8078365166855704,0.7094403275451597,0.8346499131080938,0.5566786110801468,0.7910273892583934,0.5538533813945857,0.8136249010778971,0.5626065901992094,0.8179170655448995,0.35828131945719915,0.5469946436875853,im_649.png
0.6703041571874833,0.8088130797129581,0.7380095688035364,0.8257405184802584,0.7485961962584837,0.8392964417058338,0.5392030922451503,0.7799229925537624,0.5519984400133042,0.7989118380008505,0.544302881631413,0.7916327396298081,0.34102302953019437,0.5532118302106179,im_650.png
0.6844600525751352,0.8097335916513937,0.7269883943119198,0.831038727261228,0.7389244806384938,0.8507583692641232,0.5502850040354694,0.774283877506269,0.5452760486145967,0.8102927610912559,0.5377701790173735,0.8051468762167203,0.3610632411743083,0.5527678813082375,im_651.png
0.6535592164257938,0.804547464157004,0.7477129451187956,0.8372340070205041,0.7611634124317993,0.8564948010994485,0.5398104017927376,0.7633106522131459,0.5371411955936922,0.799780306761925,0.5530157062674416,0.8063455519016535,0.3511907933448659,0.5450559687986584,im_652.png
0.6564493674404569,0.8054497256876242,0.7645498363005763,0.8530909827307365,0.7770853038944944,0.8647599005924292,0.5360502410637776,0.7697786405202952,0.5652315496556467,0.7842337289851058,0.552531214262239,0.7841903666748969,0.43142399152355737,0.579669801167083,im_653.png
0.6380069483750237,0.784739776752862,0.7194907699376591,0.819256117238197,0.7289643243350448,0.837134633401652,0.5296045601370558,0.7346423280798369,0.4853273895344762,0.7839660365504488,0.5419570422331181,0.7907477620761996,0.30929487024063745,0.5169178670742641,im_654.png
0.6836029655123477,0.8203387065834613,0.7608032930166452,0.8530304855149184,0.7580954670828759,0.857569138483962,0.5584089846558097,0.7753437370432205,0.5732002396416492,0.8022525565937695,0.5771869525819044,0.8060487267512786,0.38964118023021277,0.5431919634053186,im_655.png
0.6614663793491928,0.7990633323722957,0.6905526678833224,0.8046407944278572,0.7069977264247264,0.8378217728670022,0.5477855707769278,0.7733296378200235,0.5367794602283856,0.7991537499319371,0.557073225450048,0.8049293852966997,0.31336331414831975,0.5312639599818312,im_656.png
0.6577920844675208,0.8081277590123445,0.7463886566893179,0.834528839370527,0.731134814207054,0.8475166451923194,0.5257474567727918,0.7756929435661334,0.5337680826098284,0.7898026408893928,0.49794479068635766,0.7879453090737552,0.3810034707511139,0.5517245362096623,im_657.png
0.6406385055801715,0.8130617640842719,0.7495559623234767,0.849355103681502,0.746632764834862,0.859162387469513,0.5111659467757157,0.78043672942272,0.512763922527251,0.7902353389333682,0.5231829750537929,0.7925273083504025,0.36404892282121554,0.5608652225344066,im_658.png
0.6544859043647916,0.814837580783997,0.7735368425464554,0.8583405913611178,0.7790601762514087,0.8644320130140126,0.5319972800842336,0.7727070136467851,0.5696668475754172,0.799686881029803,0.5407526900630095,0.793004352040687,0.42974002059265703,0.5780224431332325,im_659.png
0.6825925076261532,0.7863485414611683,0.7276920377281223,0.8085143442915931,0.6839865138688582,0.8132439638272857,0.5534476047519227,0.7802277111222113,0.5570351336085334,0.792605742186999,0.5247440351389285,0.7950651553823308,0.3415504390739155,0.5483324549891544,im_660.png
0.6486923264412147,0.7928598513937779,0.7233348485935269,0.8224801299986393,0.7089005213097765,0.8204313044770427,0.5399183781843484,0.7726587442665618,0.5292898475212194,0.792175458546548,0.5013259557721156,0.7909722379351516,0.34401702645665444,0.5751326550285569,im_661.png
0.6636633085823,0.7744245142533299,0.6544689425058299,0.7813309772738135,0.6649444349698931,0.7860010694858099,0.5629617531751065,0.7924127568938999,0.5828309038009384,0.7959190444573876,0.5487526745421577,0.788366844015161,0.42312748048102006,0.6158345025727928,im_662.png
0.6286094177557033,0.7582922173650454,0.66859366767103,0.7845113606915315,0.635163555950805,0.7849715134693449,0.5421255247828715,0.7657135955954937,0.46660770697086074,0.7733473730014456,0.5144651049166286,0.768667616125774,0.27479170142041065,0.5326311366808802,im_663.png
0.6510832618672507,0.8099956752123444,0.7351760008860198,0.8386616605893003,0.7387902791806978,0.8546891988174717,0.5253646845567242,0.7578207268054089,0.47990025350178306,0.7961004091365859,0.5089417953233027,0.7875981294568234,0.36064282621621835,0.5345273110954631,im_664.png
0.6379200989131372,0.8111054275039944,0.7089792215234176,0.8238467623058284,0.7204473426819521,0.8406053859318867,0.517741054990151,0.75456087951815,0.5114698275556984,0.7918861778184839,0.5371814566259808,0.7959646495036549,0.30812535622664616,0.5339365193247593,im_665.png
0.6462557762731818,0.8091899367300095,0.7478363261482758,0.844270906152369,0.7670669567222845,0.8616043021924059,0.5185732122979066,0.7607027200223597,0.5081478665790763,0.7974300303560192,0.4945354164207112,0.7932204977379684,0.3667257695887905,0.547954647981604,im_666.png
0.6742100005369994,0.8026078082143275,0.6879533897140397,0.7916644521042007,0.6950659443561644,0.8194438123371938,0.5566270302321729,0.7805663630412796,0.4753504487379909,0.7887447513414868,0.5418447502959399,0.7841560223358641,0.20024580828319766,0.5271754523986769,im_667.png
0.655727360872983,0.8135254408011905,0.7480733905967789,0.844023065499953,0.7536214457014897,0.8568239367745667,0.5321080019635943,0.7470543018696215,0.5372870299732829,0.7953100294070586,0.5427005562439016,0.7910065987801979,0.3691674721527742,0.5458832366454908,im_668.png
0.6859316929990572,0.8214292721776942,0.7825953388727099,0.8468538813292622,0.7837336020042805,0.8631759264080525,0.5416236846782845,0.7698312846969664,0.5704552608095194,0.7941394367176314,0.5475732344455172,0.789933643123522,0.38889294227102555,0.5618788401156235,im_669.png
0.6834336025621153,0.8239326203712073,0.7613733064774284,0.8535799540852305,0.771753243249457,0.8665331278108468,0.5371387431577361,0.768732195159521,0.550564055394758,0.8016062234786183,0.5397965105958855,0.7970145897254447,0.38348283720031334,0.5549846486882125,im_670.png
0.6965062028963166,0.8359883929512206,0.7836402316129526,0.8569488914748696,0.7828965767072884,0.860188852656326,0.5589755044449005,0.7788382681558592,0.5504216354012632,0.7924409070082283,0.5455146825164108,0.785120514695242,0.4188593040978273,0.5775686269914245,im_671.png
0.6379749760653246,0.7956050135367544,0.6915784142358748,0.8048701911521003,0.6598703054011248,0.820978314324485,0.5151038565527628,0.7638818842058732,0.4887364210203411,0.7888498377459683,0.5095284230776248,0.7952524136702399,0.2598198397530144,0.529389068562539,im_672.png
0.6158385348037678,0.784703874769763,0.6570432620771841,0.7953760968013894,0.640597957266386,0.8093530322571781,0.5109443799239777,0.766992723959335,0.505931122659861,0.774985321170814,0.48867618773824434,0.7825958098381366,0.2906863199090175,0.5360082310819883,im_673.png
0.6615442829244249,0.7883367435883237,0.6620396043909851,0.8003287605212848,0.686705049571971,0.8175042950045738,0.5405039995854776,0.7977166254631647,0.5147337501620892,0.8018985765839894,0.526659913927933,0.8064359986423478,0.29826270092670143,0.5698722645947124,im_674.png
0.640301580193907,0.7832217493954677,0.6791958149176319,0.800315343918066,0.6834419178838865,0.8039490200220307,0.5775196062222586,0.803221713410992,0.5674614597511988,0.7962973985260912,0.5368622708308107,0.7884678384547814,0.3739805246604057,0.5871946749363505,im_675.png
0.6302326168150885,0.7723417198765186,0.6467535076170471,0.7782418345535743,0.6359215251610892,0.784800613039888,0.5556930517921753,0.7763777155995336,0.5106917707006453,0.7777051244621344,0.5570402011356399,0.7756646024921092,0.2067500863272151,0.4989714880042569,im_676.png
0.62159337743496,0.778224237981036,0.6273657040980187,0.7807443972842107,0.621639717517608,0.8108433183511008,0.5189385289324252,0.7333428926611302,0.5201807534155506,0.7942705904434604,0.5322556942831931,0.7869782726489174,0.291127200545156,0.48803592442008065,im_677.png
0.6227425782345702,0.788494074622063,0.6378573315414219,0.7645872660307148,0.6481994430173007,0.8003368866438368,0.5182824478506772,0.73756577545434,0.5189741548749592,0.7850297566177946,0.5187044774883173,0.7783300518591666,0.23517609978014914,0.48128257773890387,im_678.png
0.6252503909265583,0.7899249522063745,0.6675291073962666,0.7913690236840903,0.6599423095931675,0.8146396856993343,0.5324355600347129,0.7546523883685322,0.5271269882777015,0.7994247413721447,0.5414480261777941,0.7945266398022186,0.30171770116581415,0.5260105736322189,im_679.png
0.7350013624484365,0.8262508456788388,0.7289462189164225,0.8357898668394157,0.7142402830280374,0.8400049097151936,0.6077762741846953,0.8277981186282,0.5752467300898423,0.8301373338140343,0.5964220241709006,0.8157682813401916,0.3561713005987188,0.5888035877794984,im_680.png
NaN,NaN,NaN,NaN,NaN,NaN,NaN,NaN,NaN,NaN,NaN,NaN,NaN,NaN,im_681.png
0.6946574665953253,0.8017848963270305,0.6894757524867465,0.7973597039505913,0.6831198494157426,0.8251487295788589,0.568906442627181,0.7787116580944473,0.5941522447347944,0.8094851363421853,0.5281643900635059,0.7976238970955493,0.3563896750954299,0.549111383661349,im_682.png
0.6565985562442526,0.7753177231412449,0.6890234637215227,0.7787890225888728,0.7003862457852479,0.8007484931036764,0.5942288429702787,0.7417620229958306,0.5141366855896268,0.7643629739154707,0.5860351164085247,0.7663035472594472,0.16017554880439303,0.507619189931029,im_683.png
0.6153010625205779,0.7846330505394703,0.6959451924640624,0.8199792601472334,0.6917313401037906,0.8349171441268268,0.5000879171180957,0.7447013282793414,0.482148417237057,0.7814333173013307,0.4862864634273214,0.7802784698071195,0.32380136829965567,0.5301037513849174,im_684.png
0.6586199433982243,0.811179791169348,0.7694901207614948,0.8465643559658151,0.764919586133935,0.8542035786913615,0.5231350581439626,0.7586243420050532,0.5280040263367184,0.7865588337844276,0.5243004958138378,0.7796293275890358,0.3657603969043416,0.5561152315520556,im_685.png
0.6514936332932955,0.8015395648296093,0.7320863386569747,0.8342782715916981,0.7276470803550019,0.8402979791621261,0.5444250436200119,0.7655600436204825,0.5156356681539853,0.7951188878047648,0.5223372260244262,0.7918530716386764,0.3487661234122734,0.5585236125893231,im_686.png
0.6754923902622125,0.8155041798839174,0.7742034603101223,0.8499222834257036,0.7770648658228664,0.8583518050038873,0.5401772061318783,0.782679722912923,0.5315361240928335,0.796736773661688,0.5324076210171962,0.7944631554696375,0.4241792261327083,0.592419197284174,im_687.png
0.6543815203381199,0.7946055022193277,0.7251534302933041,0.8201951591129371,0.7301480549965959,0.8386436406639397,0.5125031191772588,0.7469678137421291,0.500241415729491,0.79514968460941,0.4908069300667985,0.7794940756195563,0.3375893113768674,0.5535833891028402,im_688.png
0.6806716630082622,0.823392623576162,0.7888900779538466,0.8619793601263097,0.7791322849558601,0.8691612171106549,0.5427598584393701,0.7784648687052742,0.5514715077601104,0.8067479780004411,0.5475971784874413,0.7951216289091988,0.4112226119514535,0.5828061724547192,im_689.png
0.66908473522044,0.8209148146908554,0.7200846976063687,0.8299260370319147,0.7370283051272073,0.8548977789127941,0.5370745307480266,0.7540819985178078,0.5395851686293198,0.8042522852913657,0.5424729852614123,0.8054436548294317,0.3884044805231792,0.5655056984368905,im_690.png
0.6314208827961798,0.7995484008889624,0.7418720803781589,0.829429741982053,0.7360954990445223,0.8373631588983969,0.5128706733331545,0.7532748593861004,0.5032677937387618,0.7896189151033836,0.5276889359520632,0.7881186803144734,0.3367994666768845,0.5393067623123438,im_691.png
0.6462251902808631,0.795990825869417,0.700019863165059,0.8133188806410242,0.6882046263205426,0.8260161290377814,0.5256962655213656,0.7630314173334567,0.4865670558492468,0.785751426487218,0.5219973457607775,0.7825337854101123,0.2933086284460759,0.5351011022388591,im_692.png
0.6486085293127625,0.7837251528613591,0.6938695868228067,0.8031474881831728,0.688960586848316,0.8090394007082643,0.5569162909948853,0.7637488937061956,0.472134818777142,0.7748569208133914,0.5058292008268717,0.764645054720123,0.3044049460467668,0.5311498888856117,im_693.png
0.6359095965142928,0.8031693858048569,0.7149016789875304,0.822506216990066,0.6960958203969855,0.8372604382945975,0.5128087182188217,0.7590883776032328,0.5125506212549134,0.7926592794315543,0.49828707787029963,0.7767041795215205,0.3617681302813829,0.543982599726731,im_694.png
0.627922495873749,0.7908718131001646,0.704710017629746,0.8146892811152101,0.7199904752522768,0.8353377028028153,0.49908739955975456,0.7216004804212011,0.48218217131914237,0.7831753609665688,0.5159701519354948,0.7731925125386176,0.33749275071439183,0.510193492507489,im_695.png
0.6689111598541304,0.8097831782209007,0.7253124740815949,0.8259619546276225,0.729431330981751,0.8478390783225285,0.544125188605141,0.7800543411663796,0.5448519404350802,0.8080736848480188,0.5461040732884909,0.8039260991541268,0.3633750691418543,0.5558642085847765,im_696.png
0.6540066023935367,0.809981953679544,0.7136910426448725,0.8202864757341928,0.7226137820859663,0.8471871265808472,0.5018143745820209,0.7526527428165032,0.49861423501106766,0.7909447640756728,0.5252558094177681,0.7889999623548749,0.3018686787002109,0.5260154107146665,im_697.png
0.6303955389082446,0.7970938393730316,0.7070702431524976,0.8120002692655993,0.7180591630899358,0.8402035450142604,0.5219628096617102,0.7408417671138491,0.5059311645065973,0.7840769903471709,0.5406866204129804,0.7950009198953102,0.3219878844620198,0.5279879496586416,im_698.png
0.6674099096065058,0.8102186575976169,0.7375963331571487,0.8284728558460709,0.7572811655131798,0.8584042878836609,0.5308110929982625,0.7494024864700192,0.49946047223884893,0.791737002419005,0.5021584642344503,0.7848589200729291,0.3002903645211892,0.5313866096857576,im_699.png
0.7111394444665236,0.8243660278987065,0.7538926321984933,0.8324569044398183,0.755073697685863,0.8413902484898294,0.5666656586718952,0.7944070306572567,0.5752594597491665,0.7990117152332031,0.5715010680811747,0.8020374177462515,0.35069219009738684,0.5455995537123154,im_700.png
0.6007452288238567,0.754282550573417,0.6292484103423801,0.7533033274862003,0.6146988021085933,0.7816697060114659,0.5481953508888021,0.7868133921599797,0.5268496578216164,0.7817031853817886,0.53581858481355,0.7857739956830077,0.29529429628843,0.5179521259238274,im_701.png
0.6373856368622236,0.7796026298001962,0.664081008828539,0.7898643723326767,0.663224360414046,0.8141930032042555,0.5472357676657867,0.7762940912905176,0.5141599935554261,0.7732918945838821,0.5402786517949891,0.7855198044487041,0.30095372682583227,0.5204524318627606,im_702.png
0.6952314926718272,0.7823509351160943,0.6975740669138293,0.7788312948761725,0.6836641219287027,0.7950351093080277,0.5989254616797853,0.8112421659285641,0.5633316266639719,0.7914065286675843,0.5333435182622328,0.7837273753287067,0.35765760639830246,0.5690700074073753,im_703.png
0.6384323926553523,0.8033696400165758,0.7076387419637638,0.815113477209494,0.7153481021426924,0.8377842842301396,0.5201696058377426,0.7652171290667132,0.4982640192060758,0.7853650402676626,0.53432539207508,0.7792638701602012,0.324134593179575,0.5194190067176014,im_704.png
0.6523752463324823,0.8038493162639513,0.7523739884733937,0.828961450319078,0.7593788815538337,0.8450854729658851,0.5242708036869768,0.7524351928911782,0.5220546015476913,0.7798807897098916,0.534039106307252,0.7762395408084963,0.35878958547839246,0.5626222799323046,im_705.png
0.6459328055562695,0.795197674057007,0.7379610413867611,0.832768753665976,0.7313994713798804,0.8386079743531413,0.5103496292527241,0.7603291360585018,0.47994553961270436,0.7792018020047959,0.510305774224033,0.7704133884508236,0.32371134902750337,0.5816720961839233,im_706.png
0.6705422793326474,0.8110528372999146,0.7588307482419226,0.8476105816427137,0.7549640882511557,0.8596257640992045,0.5432936146391415,0.7618682347447666,0.537363324722418,0.8075856549990721,0.5015709916393088,0.791475764356152,0.3758142836361377,0.5580006913886089,im_707.png
0.6952546789755765,0.8145584353804223,0.7401145308070969,0.812007146638628,0.7527276170568736,0.838311662628575,0.5420456779204206,0.7522293170252685,0.52676872903117,0.79009103853735,0.5521812551218562,0.7931050446199779,0.24843740049707244,0.5371026689872439,im_708.png
0.6851502792379704,0.8129484939154988,0.7246747756230164,0.8159295029294384,0.7427247224663908,0.8331053467341559,0.5465046803259088,0.7544263723623338,0.5239013826623812,0.793282900778975,0.5402858016504393,0.7926474384390829,0.330262072953097,0.5366270508116874,im_709.png
0.6776912296754759,0.8108420381350804,0.7211779910521181,0.8053949955233382,0.7482396772173012,0.8322534112570438,0.5311213204740914,0.7508269951854968,0.5310689462705009,0.7837100889666049,0.523682427279698,0.7818873990507496,0.29140248155878595,0.5434273545231124,im_710.png
0.6942180107585215,0.7895362760617101,0.7180186172070606,0.7752919920369444,0.7292289271239307,0.8085782277145204,0.5575837964791437,0.754588175157673,0.5471968581837967,0.7902158255591766,0.5635228930659294,0.7856439020815187,0.2904816439553732,0.5381563918120229,im_711.png
0.6785935285084591,0.8050164805217229,0.7239309309412358,0.8168182352288917,0.7365248989118245,0.8359744106456306,0.5478327262319799,0.7677051946789664,0.522372605408063,0.7863709198978662,0.5250847321037735,0.7849378627559607,0.35137739991987404,0.5446087728136684,im_712.png
0.6501631261846402,0.7991867038057989,0.7223484159235474,0.8278171485062795,0.7202343297821079,0.8418616099506252,0.5519824393520574,0.775873927094441,0.5174552773256631,0.7995819754772463,0.5223353300886664,0.7946539705509488,0.3672373178155444,0.5453495912402065,im_713.png
0.6888414696117899,0.8326589287467886,0.7664233992799813,0.8545706582517559,0.7654820996758047,0.8690643956766532,0.5426584607073124,0.7776649591867385,0.5506907184438302,0.8099567939955062,0.5554966074063162,0.8125450360803416,0.42929995122983,0.5887065608890214,im_714.png
0.6813607986163275,0.7943780536658388,0.7488334306219923,0.8186581971552225,0.7540117095065965,0.8359508606160769,0.5626975311515853,0.7693332343116598,0.5658954947926153,0.7958919054678742,0.5563899351120792,0.7948808434052174,0.3566918702134895,0.5591401947383114,im_715.png
0.6441970858846032,0.7963149042338604,0.6867620126686107,0.8079481582203261,0.6784628646591073,0.8340118793684607,0.5251811408750583,0.7556685044602601,0.5647745324647144,0.8002961354209106,0.5189112744007384,0.7900884082107636,0.29362542388609003,0.5232000154468155,im_716.png
0.671441282764041,0.8029759194684993,0.7157171688782268,0.8228037626780766,0.733631620903179,0.8487448486319715,0.5330620012921927,0.7546855901812654,0.5425664755623951,0.7998886871661441,0.5535921443313421,0.8035466385477344,0.35915540468404855,0.5470417003566698,im_717.png
0.6363919292110881,0.7899958426512905,0.6846880885859425,0.8008094844858373,0.6942505211056794,0.8330529257910311,0.5025492994512921,0.7458096566721276,0.5052199928460661,0.7851459084867767,0.5400630932159466,0.7850823495740145,0.28917341560984977,0.508007237691325,im_718.png
0.6534369158966992,0.7797258549815128,0.6868129401169876,0.797421046935843,0.7248182416646767,0.8412559695519054,0.5150143441230861,0.7336986543440039,0.5412548665984582,0.7722624087530074,0.5281913420868904,0.7799028548947528,0.25190494438758876,0.5059762934613643,im_719.png
0.6753845521917153,0.81850439521728,0.7603265701174237,0.8405473162465926,0.7605001082847662,0.8621088590851692,0.533569269162483,0.7474127008835414,0.5333104237890739,0.7969094546049761,0.5676427103217946,0.7992882529461378,0.35948615019490465,0.5535532123078563,im_720.png
0.6476463915372289,0.8017818278259181,0.7091854400734524,0.8191981230298276,0.7319806497371834,0.8526039872594555,0.4980139504056326,0.7254770654743138,0.5005513496037408,0.7860297103624203,0.5299315972618615,0.7841374301248127,0.35252605323838193,0.5434437460910388,im_721.png
0.6645490377756196,0.8262199779603427,0.7521004646668645,0.8566865231096857,0.7590363069207234,0.8685784586411839,0.5465447190815427,0.7751788823899326,0.5086989379931822,0.8057499513092742,0.5419329031898751,0.8042304602795055,0.3975648812376202,0.5714374480010538,im_722.png
0.6586048644762785,0.7991217779584682,0.7364776945486391,0.8261675415059772,0.7468979862613722,0.8481695369324382,0.5298504738991365,0.7457544218660513,0.5213167290825469,0.7901383607734233,0.5512580889258383,0.7927159889805511,0.3674817741664723,0.5474141385606164,im_723.png
0.6685418874670963,0.8128546102691099,0.7713379591151567,0.8533074422974631,0.7616657091237928,0.8593281509276485,0.5457446543262637,0.7714854081380476,0.5416104865875571,0.8009988595626032,0.548801843572723,0.7955614649321092,0.4275582679918549,0.5749330359267539,im_724.png
0.7029403829899097,0.8249429388357874,0.7814131410850917,0.8546706557901664,0.7698548261126926,0.8616886830658178,0.549678922924292,0.7813301130516546,0.5399600788737924,0.8054697327627003,0.5499828268074746,0.799509963394313,0.4720843063011072,0.5965694106466087,im_725.png
0.6524683616336316,0.8022121026566608,0.7595980118716935,0.8434916884731349,0.753525687320262,0.8508250319640178,0.5340414304134903,0.753652894320452,0.527981912961429,0.7849158650069303,0.511748516111564,0.781753335962185,0.396931881832166,0.5696010578518642,im_726.png
0.6708259763294329,0.8247605962838922,0.7420715241846327,0.8395916194780065,0.7526955598887946,0.8501763140381887,0.5347633467154949,0.7921077907852124,0.549634257462131,0.8107031453509248,0.5416867272684809,0.8128111127407285,0.363622284800941,0.5578501990324394,im_727.png
0.6727487357321575,0.7866168950295451,0.6777086510629579,0.8070039274702377,0.6606448740575283,0.8198791069337752,0.6258484323834639,0.8251331796477823,0.5724512394657186,0.8095811513529876,0.5574581283438235,0.7993763230127174,0.43594880671582925,0.5966944721029618,im_728.png
0.6581415765149492,0.7735917565556903,0.674661104510757,0.7776728029807106,0.672179018404233,0.7909343837959654,0.5926420904148343,0.7841198784291072,0.57239414660192,0.7879278001868907,0.5632302764797072,0.7924566274636516,0.3909669213440205,0.561046426056257,im_729.png
0.6462520650672646,0.7805129214042635,0.694659464285411,0.7915292207646107,0.6913681522842734,0.8049653175313812,0.5529715166917913,0.7636599540600384,0.5304463920122622,0.7906413780666504,0.5430346576266004,0.7788153860027245,0.2734473029427983,0.5459779774273834,im_730.png
0.6202941263354702,0.7796873540290358,0.671286191646325,0.7947981477921734,0.6636179311650207,0.8069783537862473,0.5446210277285053,0.777400362863626,0.5802440791244933,0.7889970305163905,0.5580152826350259,0.7927527798700311,0.3361815802456718,0.5631395366516438,im_731.png
0.6553257216791678,0.7959494542035587,0.7338709454525006,0.8339800373018833,0.746658695228493,0.8464651465465369,0.5375112415494102,0.7669004094665577,0.5058452650326654,0.7913486502200925,0.5327758293667618,0.7934417443545904,0.4105047658783317,0.5721723764737847,im_732.png
0.7078639535394737,0.8198094728494142,0.7992723607026151,0.8516988811346974,0.7881457264305061,0.8576459197752038,0.5725944365248721,0.7857421355621146,0.5654345127197726,0.7964524659089963,0.5623420017064207,0.8021417324646983,0.4246960583154812,0.571005609353616,im_733.png
0.6769178913347021,0.8083660386686218,0.7360434228487166,0.8288729171065135,0.738592100652506,0.8414296082415011,0.5404960188993407,0.7785167559167072,0.5824440595239183,0.8005185430808005,0.5697590277750471,0.7963860449239426,0.39378122308610874,0.5540547617661634,im_734.png
0.6577492028208017,0.7862367713723525,0.7133753170841877,0.8179660899709128,0.6993683158377774,0.8262413277208706,0.5777024784369149,0.7888581174793202,0.5559889252969857,0.7862662532131205,0.5445243908187624,0.7846056309645949,0.34284496147822163,0.5568177550740565,im_735.png
0.7537673280853038,0.8271534430137937,0.7773787831652084,0.8394296030902566,0.7483387757353275,0.8485036819612412,0.6507258832576681,0.8249319402579137,0.6117768923660838,0.8240391283515328,0.6020316267633015,0.7925723086438414,0.3620078378569917,0.6251479595808072,im_736.png
NaN,NaN,NaN,NaN,NaN,NaN,NaN,NaN,NaN,NaN,NaN,NaN,NaN,NaN,im_737.png
0.6800115552845477,0.7753901242634166,0.6496305954446476,0.7735193835294398,0.6954745308280765,0.8191844613483886,0.5200775947516416,0.7543969966014826,0.5226387029759542,0.7749886700226885,0.565867490197226,0.7650638730438605,0.24191626289595258,0.5007081616983019,im_738.png
0.6591335928147909,0.7726334510608255,0.7207585771843139,0.7959630829225761,0.758598007830117,0.8333179262258538,0.525195961115141,0.7747927459178026,0.584122694142593,0.7993391442181481,0.6127246289423588,0.7843226376238301,0.2427693943413174,0.5095556057043052,im_739.png
0.6763681990196112,0.8119652118125039,0.7365580351318618,0.8399336300601719,0.7419316221573099,0.8487320037686809,0.5353555803625335,0.7915662104152883,0.5324515854373385,0.7983249770941291,0.5303366975976752,0.7938459238783987,0.38974726751046684,0.5622268026017875,im_740.png
0.6729384193072202,0.8048382188930951,0.7381891558590454,0.8264844830062096,0.7389553319191869,0.8427663967747266,0.5607237029863121,0.7814946582215251,0.5474266958223432,0.8007136167439396,0.5454651567837455,0.7993442836240578,0.3724006653762389,0.5379995284779348,im_741.png
0.6617847647046815,0.7970921107572376,0.7288400022409062,0.8233003063103497,0.7385693909043544,0.8337946226782585,0.5533500716813223,0.7663284986714293,0.5363403015667896,0.7925110299047211,0.5378826600271445,0.7833844231151686,0.34769887568854757,0.5563106280289725,im_742.png
0.693495244366476,0.8224892601002297,0.7781394822003516,0.8520548589666423,0.773892891928978,0.8596997215297317,0.5433467391642339,0.7836981168564913,0.5633751037855237,0.7967454450104714,0.5778630351210488,0.7959446796360963,0.39448443304660485,0.5688229776332936,im_743.png
0.5744834021449429,0.7609430228845695,0.6342249829116271,0.781960219027754,0.6241881488999274,0.8015886728400545,0.4841001058229675,0.7643523055350769,0.4521445253149639,0.7731115644021899,0.4897654860777885,0.7674709635044171,0.23757210508017484,0.49625993373848576,im_744.png
0.6059272093107885,0.7594410673035727,0.6877441034950093,0.8010433331332155,0.6695027098364386,0.8121387765969964,0.5099409065817995,0.7483670422061485,0.49164684486603344,0.7853890722161787,0.5394826333429178,0.7832181525142637,0.2499229355896203,0.5050926373702229,im_745.png
0.5657749550854364,0.7460850082440089,0.6719584105038914,0.7882069281529961,0.6399171137262801,0.800320050556777,0.5094265078757088,0.7427455035503787,0.4300190402019369,0.7699547806349387,0.4731581770280182,0.7646793648992904,0.210632225435848,0.5228298151414369,im_746.png
0.5693703213376194,0.7469594145529368,0.6585711908421764,0.7935990931706556,0.6316867195039879,0.8012540490841555,0.5076666888643119,0.7402760764139377,0.4627708352030858,0.7596417083863981,0.5060314755233931,0.766754946325641,0.22786087992092377,0.5049472561148568,im_747.png
0.6708966982784026,0.7971944232604699,0.7133976457175754,0.8149170134825949,0.7120488583032233,0.8196473330469483,0.5477945821818144,0.7724684825596005,0.5251693021424488,0.7850903130506335,0.5278229106431928,0.7895812416628071,0.31738911362376004,0.5302841228309313,im_748.png
0.6899127095366886,0.8082432912018623,0.7238146509324986,0.8123545845530016,0.7331257605517989,0.8425461090601213,0.5710103072432584,0.789550974480757,0.5432562625603057,0.795280257093007,0.5337361006182149,0.7952269862741258,0.328816164532225,0.5271304585835801,im_749.png
0.6756293667849756,0.8061483495230619,0.7155925956560231,0.8210416325380897,0.7184443809722509,0.8371925421308726,0.5294262313307502,0.7628311863566133,0.5433672854307764,0.7947801705292278,0.5551796682932335,0.7943986266656652,0.35270395830355467,0.5090651050651069,im_750.png
0.6758707852736343,0.7912599428102457,0.7261046730731866,0.8041994423086221,0.7345646121624108,0.8337709123401336,0.554628706014921,0.7816241505337559,0.551250813894312,0.7977663850253509,0.5409751905533411,0.791933403989758,0.28873964463429347,0.5061273909653924,im_751.png
0.6559373078735943,0.802958704940609,0.7228756772182046,0.8279322097122759,0.7323785590378091,0.8404584880420365,0.5456598723610042,0.7616181938617536,0.5034882815917833,0.78217947560769,0.491026923316331,0.7759510232804738,0.3179377987722516,0.5458447903799599,im_752.png
0.6523545516667839,0.8028247274005099,0.7282631557042492,0.8154775713018466,0.7219691952995271,0.8283447655186664,0.5182522473822717,0.7421244698989837,0.479477666470906,0.7753785595141628,0.49751353794424386,0.7772473910573762,0.2913649575000816,0.5265435490668252,im_753.png
0.6771250490773211,0.8132803622047451,0.7666350660879149,0.8455265417804081,0.7690364485829264,0.850506780357112,0.5454914772675161,0.7654157909345166,0.5165954208071774,0.7893389225322511,0.5294599534005161,0.7881056531125978,0.4116104212111909,0.5835850002043378,im_754.png
0.6944539160505813,0.8429496997005448,0.7717922641035883,0.85737853391236,0.794726465188792,0.8717271213492048,0.5266505406282473,0.7787514295830242,0.5574107079583395,0.8082307139731271,0.5527815164325539,0.8067271292745417,0.4143914176368678,0.5795922643853024,im_755.png
0.762958488908412,0.8741640127388535,0.8365151515151515,0.879249482004451,0.9106192549588776,0.9174796420220914,0.6208173690932312,0.8842837961981486,0.38415441872200845,0.8543549103836469,0.7016087182148417,0.830801894496162,0.4369820039425991,0.6871019108280254,im_756.png
NaN,NaN,NaN,NaN,NaN,NaN,NaN,NaN,NaN,NaN,NaN,NaN,NaN,NaN,im_757.png
0.6690693246936249,0.7649409406083355,0.676600604499915,0.769465825957658,0.667736437035616,0.804365950300756,0.5515153106205777,0.7607445469602173,0.5287904835094762,0.7801789961692643,0.5016284385082825,0.7800319842650136,0.21627364786734077,0.4924152978680688,im_758.png
0.750669278782217,0.8144844148842448,0.7418401851436479,0.8313927246079781,0.7360018654890282,0.8376147707641756,0.6166694681407688,0.8354279906762988,0.6289065696585844,0.8088521624569243,0.6313565017784022,0.811018438989651,0.3965743629890837,0.5554960683056817,im_759.png
0.6875964968874622,0.8183858146238503,0.7513758694374982,0.8357116611780172,0.7544113130810983,0.853941007849597,0.5441719820896019,0.7880058079456089,0.5455424286096178,0.7927342797213306,0.5424425144673789,0.7959986480216836,0.36223781304323993,0.5492458636114183,im_760.png
0.6797067689152303,0.7766526907398869,0.6957831660429845,0.7895937123539846,0.6874406140404887,0.7981346379370424,0.5725512804685452,0.7816976563548328,0.5782173172658581,0.7869226033452511,0.5551490555919891,0.7813236462741898,0.41520032745139807,0.5626171908377007,im_761.png
0.6902936859498903,0.7904041330029344,0.7080945163901203,0.7985117823096126,0.6945436055783542,0.8092092331745819,0.6115421093985459,0.8076812183463078,0.5322239627785277,0.7948568745300373,0.5301611032491622,0.7873376706144615,0.3327443086548447,0.5679232450734331,im_762.png
0.7005677081647061,0.8094662118468995,0.7205592190777668,0.8168280345984824,0.7169300016972686,0.8295033305305609,0.5830096256925302,0.8040726328680131,0.5469076659046713,0.7934158022810792,0.5412629010909574,0.796255654263523,0.40570540312367975,0.575433021060312,im_763.png
0.6565509367021342,0.7975793112202307,0.6860079592975283,0.7996774010797337,0.6921220829729412,0.8155139734701782,0.5309359483256009,0.7538206037690968,0.536310494368984,0.7912474121032584,0.5294153175448582,0.7784825163728052,0.30221742046662153,0.5409046122759243,im_764.png
0.6391422958203002,0.7969597567991761,0.6804471901063786,0.7892826008865028,0.6880044548668455,0.8268686420739869,0.5234679223304725,0.7637119539937981,0.5564524708872115,0.7875085811138307,0.5329172933084373,0.7948313677563861,0.3125624686735167,0.5235565780569557,im_765.png
0.6366280532864439,0.7840871533386305,0.6469972189731821,0.7605854715872046,0.6737736241510428,0.8113226351377681,0.5318107395359832,0.7660065808940759,0.5589954146430413,0.7855353173782661,0.5276950278825289,0.7909565041910562,0.2664347912562669,0.49829081166715766,im_766.png
0.688303025751025,0.8065016296256474,0.7093132374133869,0.7873632528390501,0.7044560742352314,0.8078015291337532,0.5615873104470229,0.820490032650558,0.5781547488974246,0.8205910427977046,0.5580405673906923,0.808749990476293,0.338486005095076,0.5551862903187296,im_767.png
0.6594837252385775,0.8053734371113258,0.7205747888531225,0.8191095251558344,0.7314073816780418,0.840961724497615,0.5294047840200852,0.7576562124675614,0.5113699232043557,0.7878133871274692,0.5120180533968105,0.7851488021802903,0.32753698508040724,0.5159353405117735,im_768.png
0.6587539904893472,0.8092851503982254,0.6885528291803582,0.8045491115892098,0.691536452788223,0.8265312879665925,0.5308276346523513,0.7745127999259767,0.54892119774236,0.7982151894663665,0.5139167708923084,0.7863744401348842,0.33497411615807793,0.5333146759429509,im_769.png
0.647685673923992,0.8087946552309084,0.7169362417871531,0.817679645089671,0.7385301446585106,0.8432280086631793,0.524961331308281,0.754806669055129,0.5207566352233447,0.7868689772170533,0.4976878869741501,0.7841348381112648,0.30019261614849646,0.5396364174821145,im_770.png
0.6538634868765848,0.7926536231280821,0.693393756591074,0.7996922703284947,0.7036961397145489,0.8223115429991168,0.5174640521117545,0.7617949925194802,0.5720119269983501,0.7933231093912239,0.5193686797016515,0.7905720618576649,0.3654737281936049,0.5299185246969138,im_771.png
0.6999985107538129,0.8304940062373092,0.7764286298370007,0.8612661855991913,0.7842721881760121,0.8730887918832346,0.5434834234820731,0.7754182310875043,0.524764926332483,0.7982032605095515,0.5488218473946942,0.7932118995416998,0.3956909608604206,0.5673609432485591,im_772.png
0.6662723207360592,0.8047096979087213,0.7238033383260477,0.8183715051263923,0.7204332535829746,0.8326281774649069,0.5475590085968502,0.7808041648555033,0.5014029334793736,0.7847207428591622,0.4962681785078199,0.7926596014866595,0.35635138309919934,0.5570638918740002,im_773.png
0.6797100932959168,0.7914067274283921,0.6878457931142576,0.7950147470667255,0.6886566961508536,0.8153053493058473,0.5565794177546562,0.7847922541680561,0.5564129906181644,0.7949650018368318,0.5376246699161941,0.7947030254611397,0.3321619004618377,0.5354193721247473,im_774.png
0.6841342415420242,0.7729253357176774,0.6936814326209026,0.7820314027886891,0.6966831949621684,0.7960735443898261,0.6128702949545595,0.7925739457572974,0.5754877332352141,0.7876656253847908,0.5602974454596539,0.7917753602772899,0.4335267769131289,0.5684497298879821,im_775.png
0.6719248860577914,0.827393532822928,0.7468727416723016,0.8509908960138244,0.7493532555891986,0.8657581800048277,0.5206388074185573,0.7689414756254552,0.5404576031120522,0.8038706095178624,0.5332744533008829,0.798787885380789,0.3949481973672529,0.5537877502999728,im_776.png
0.6368686940292797,0.8009590056804058,0.7082256457060614,0.8277290710934556,0.7112971707205075,0.8487836826342691,0.5087132885462355,0.7556113777864896,0.5127493467504196,0.7916586329316669,0.5065930890569322,0.7907130930527473,0.33163865985475405,0.5362329431261833,im_777.png
0.6677571476358274,0.8117562841377519,0.7453767169117175,0.8442098582896164,0.7547860714655191,0.8632046716086483,0.5254489524842398,0.7518872327246003,0.5277898347533085,0.7902167010082239,0.5310836306628449,0.7880168105912274,0.34149269062970555,0.5467282280380386,im_778.png
0.6441382183318529,0.8090138226766825,0.7252461699677147,0.8278576441590912,0.7368573397318896,0.854322793805071,0.5224497940517061,0.7689969557101571,0.5455983702677796,0.796697437452807,0.5502844772082404,0.8013840307144912,0.3554920043103501,0.5265275801347378,im_779.png
0.6704096714060023,0.8048200879229432,0.7480227994480771,0.8385265484334358,0.766090897794123,0.8571072196912408,0.5176670819160925,0.7465454836959237,0.5477164944617863,0.7981192042112148,0.5419259534352387,0.7956029046688192,0.38295469167777324,0.5476329384572408,im_780.png
0.6823471388286224,0.8015885499475157,0.7533470394701604,0.8347903475159417,0.7687272924529517,0.8573165952418181,0.5414332673480933,0.7555326653198776,0.5295541590407773,0.7911594622583574,0.5381969093080596,0.796950609905098,0.36535728831647724,0.5701774587584495,im_781.png
0.6838761081398651,0.8289711508330515,0.7934621660090814,0.86531946493703,0.807397231620584,0.8727685949549208,0.5395086736699137,0.7760189332093684,0.5648167492168432,0.7961520146109066,0.5743971985792525,0.797792444866472,0.43654424056406893,0.5750936916048218,im_782.png
0.6704958027502756,0.8153815514967779,0.7848250559051649,0.8527794884611182,0.7899608552358225,0.8692572959539697,0.5334521554127097,0.7647237072311701,0.5744321640609209,0.8078866800037505,0.5632046322541313,0.8105106320988873,0.34224888800218534,0.571948071537017,im_783.png
0.6402411809138239,0.7824823598438867,0.6572074127487987,0.7849509594575597,0.6803117580123494,0.8242775216032245,0.5076279022070005,0.7242595814637773,0.5008978543314223,0.7815600622444839,0.5335881852319588,0.7825850990615889,0.21777463086261464,0.491557734665616,im_784.png
0.6206964448924769,0.777111125309578,0.659961532678141,0.7749017119469868,0.6644581058750038,0.7996336401002121,0.5201209780492437,0.7622859457824861,0.5091472725365249,0.7828337953060166,0.500575847495382,0.7765146572633895,0.2705903757454528,0.5139577847794004,im_785.png
0.6366457565891703,0.8009310724447744,0.688686050163255,0.792317160806111,0.6613562750932449,0.8157355915740937,0.5305176024868452,0.7610134602072526,0.535885331083214,0.7979771636944055,0.5454663986404228,0.7919772444838498,0.30631229964170886,0.5027735741441247,im_786.png
0.6522721217645794,0.7967512235995118,0.7210128415817068,0.8099980400171198,0.7055672103683788,0.8281496691841755,0.508101468242689,0.7615394915201623,0.5020323351889132,0.7833540887664467,0.5122789155529849,0.7812911755845204,0.2884576534193118,0.5373476844448226,im_787.png
0.6948157316028754,0.8179432965686012,0.7373848496932193,0.81780301542277,0.7468784837861934,0.8451818045813363,0.5449104053897738,0.7787355138518438,0.5634340935499142,0.8066917218517229,0.545069936160579,0.7975488715519552,0.34202347955176204,0.5420573173484032,im_788.png
0.6751310907954802,0.7907860342662404,0.7014487934470476,0.7888863662980204,0.7015721303888597,0.8198284103043006,0.5597122879710983,0.7768597173534022,0.5329313345411861,0.7825100650499938,0.5350953687577814,0.7801223345759449,0.3194106864043006,0.5248093800003376,im_789.png
0.658790841217054,0.7850605525604369,0.6810351080083216,0.7808748021085742,0.6985516373675018,0.81816050350102,0.5570946328275872,0.7781082403192687,0.5333816597714077,0.7922402591457766,0.5435789196060115,0.7878664287283309,0.29200387775420444,0.5311366834198897,im_790.png
0.7052911238608435,0.7894174057231707,0.741810623920572,0.8035431049771506,0.7410490231339758,0.8343716994537947,0.6069461826899817,0.7581292536216575,0.5807424068597229,0.7963014018459393,0.5620744328357321,0.7858028123285415,0.2456809367992524,0.5218873685195092,im_791.png
0.6262606339659734,0.798497796763098,0.7544945082940979,0.8429833019383511,0.7458163541863104,0.848082681485534,0.5061481230852204,0.7743943715725625,0.5327145858881132,0.806027595509403,0.5548942413709193,0.8013620893748784,0.36231934401775256,0.5622103198880816,im_792.png
0.6275290422782114,0.8042732265347383,0.7809488022867672,0.8538123484834979,0.773074763744825,0.8576864230205988,0.5206604043657064,0.7847506806079229,0.5288263272388513,0.8078199096956586,0.5461005703527084,0.8025575130188587,0.41492451419240406,0.5889826867837339,im_793.png
0.6568892875581149,0.7907541276864412,0.7561271383825364,0.831852629364013,0.7364498110807406,0.8415833550833351,0.5292823135451425,0.7766044946251889,0.5339023853083049,0.7948793404978194,0.5516199178656191,0.7994899998395689,0.41951702787325396,0.5755207638059554,im_794.png
0.6899114829615612,0.8064202278666954,0.7579375680565626,0.8420551533842162,0.7670169684042916,0.8539890685277418,0.5725848286904329,0.7743761022718334,0.545489456204901,0.7942864889416194,0.5414704038552165,0.7882976371024968,0.3669524109926201,0.5756583275895903,im_795.png
0.625305239891709,0.7878767444122773,0.7229368626510692,0.8203912385660179,0.7004923719023886,0.8255790161272913,0.49647038118055514,0.7507875814879489,0.5213220533031184,0.7794980040722064,0.5379582426936963,0.7833649971807892,0.2924533275793841,0.5286204455591407,im_796.png
0.6742735078799912,0.8212141451884489,0.7719298765828093,0.8573740467172279,0.7697412965118448,0.8603090830622295,0.5094535856535429,0.773597021637778,0.5327446861053229,0.7890889589852744,0.5426895523312114,0.7899509891726907,0.4281356104737714,0.5825922874101797,im_797.png
0.626520395290536,0.7998143272341427,0.7186946004310484,0.8306082597327648,0.6837286278413398,0.828465996525304,0.5115457616165675,0.7748879692925442,0.5132484071096285,0.7907321900072087,0.4921421258764841,0.7914936066459869,0.3342387194742925,0.5573968702381487,im_798.png
0.698550993671443,0.8169863062114565,0.7925074660969524,0.858590707319288,0.7979955902178867,0.8638128973911788,0.5458284339940379,0.7592413313383363,0.5508012687592433,0.7825117830413686,0.5559534387562625,0.7754434994209185,0.4192303156075543,0.5766020858676134,im_799.png
0.6546889572093609,0.8080511098002279,0.7419013136493807,0.8261183075115667,0.7274291014056802,0.8385963636462614,0.5220662362546423,0.7661937440911503,0.5139993332840812,0.7933366023174302,0.5407941931050718,0.7964750546326783,0.2959309874517619,0.5418373462177083,im_800.png
0.6658841449379104,0.8150337617777861,0.7579217096694496,0.8406966519163406,0.7443765087209977,0.851175520822403,0.5205844270700362,0.7671654225136557,0.5298458290430235,0.7953689226596936,0.5348789471962204,0.7927264822835618,0.3929222165784934,0.5543648309227409,im_801.png
0.6458613734199662,0.7897337629100144,0.724546065621386,0.8115601071734573,0.7051343206947946,0.8271563221753113,0.5237607480314207,0.7470444658996472,0.48254374593352733,0.7846066174529177,0.5125077384155817,0.7773681385750499,0.2651713085005013,0.5229778387131565,im_802.png
0.6968960915634773,0.8153519494750465,0.7839345037533845,0.8503727785381784,0.7832890042968066,0.8600209608433051,0.5382563928049542,0.7757901759177871,0.5493339677158751,0.7961187568949979,0.540238209351549,0.7916861557717789,0.38607739819782755,0.5714114129837707,im_803.png
0.648371589833275,0.8046386465861607,0.7242851520889954,0.8257272050803516,0.7179002883527551,0.8408757102967683,0.5289548471092442,0.7474737482986171,0.5492593088843163,0.7890928462907217,0.5312881865415189,0.7836887486872838,0.340121612172513,0.527932386565738,im_804.png
0.6426826109714036,0.805609571752002,0.7013422663045397,0.8108227254615963,0.6950660833477682,0.8271886299299447,0.5196099448829694,0.7438059491115241,0.5211924932438846,0.7942206823728457,0.5281041930733088,0.7866284475513088,0.2978576711295761,0.5170078238302898,im_805.png
0.6558176306891068,0.7994588951058257,0.6810854644133334,0.7947150152825789,0.6758696586467562,0.8104651473276514,0.5274288682871289,0.7827197110157742,0.51561673853846,0.7976882584423012,0.5114951438236859,0.795636820250157,0.28156401866653896,0.5402786871324335,im_806.png
0.6513996412050749,0.7892314093402334,0.678746982559121,0.7834266720170108,0.671593227593268,0.8041744247400239,0.5503166034756904,0.7630124077562567,0.5268903765323907,0.794328628959419,0.5172280827346925,0.789352105381969,0.3070689697530647,0.5311443017406698,im_807.png
0.6111700092700287,0.7969233134212952,0.7002988134125454,0.8081750669629162,0.7006814791404121,0.8269321908558098,0.5099451457021262,0.7597691359138229,0.5201599319713046,0.7845840830461176,0.51091029605891,0.7841246504179561,0.30328453640709285,0.5071411434753955,im_808.png
0.6352735545830233,0.798411078477913,0.711307017327511,0.8138771706400549,0.7283928326207213,0.8524626044367921,0.505824069676731,0.736644417101228,0.507785323760196,0.7864974108552635,0.5235197948324468,0.7797475673050577,0.3390972584267749,0.5174326994555434,im_809.png
0.6610123704358156,0.7937449877724192,0.7145221609139775,0.8268053494090329,0.7271804571957072,0.8460367118474487,0.5395053698198021,0.7659043397114301,0.5360180447617543,0.7994633223721709,0.5274614506440329,0.7996789716750182,0.34249257375180553,0.5266267111543869,im_810.png
0.6864591195740222,0.8195371478911345,0.7607642416492947,0.8490975165544471,0.7382498455505221,0.8479692072949189,0.5606696157379947,0.7723087116183142,0.5806737680700483,0.8078783487756162,0.5626592010786593,0.807035351118992,0.4114976299622812,0.5707473585111748,im_811.png
0.6585810194288283,0.8046051166537579,0.7488650568055155,0.8423270423864468,0.7426386884793327,0.8474095372148265,0.5379204039751636,0.7598629325214119,0.5155539246516411,0.7779053210545372,0.5244972095401569,0.7788597950650736,0.4237143622553311,0.6153295842096242,im_812.png
0.6558506857142129,0.8023031102469914,0.7091519969811243,0.8212751470372739,0.6878249275665921,0.8013879384588136,0.5215860421781728,0.7697624299798075,0.4806154901084849,0.7818860205628834,0.5126255654717283,0.7850654022646344,0.41659193416361057,0.6166486072040943,im_813.png
0.6237537901968891,0.7832142572398193,0.73858530060698,0.8291425459766453,0.7360877736414461,0.8301551315013895,0.515284932902448,0.7709338337749971,0.5108163922269867,0.7685221380340405,0.49356460106139133,0.770452723263096,0.4037888760436011,0.6538681609401515,im_814.png
0.5695344036062387,0.756189688090135,0.6902920800131961,0.808095906771021,0.6629014073100374,0.7979439291755489,0.5272865340467187,0.75072950782881,0.4303217208432044,0.7484118038410614,0.5048834935182548,0.7473449849258991,0.21907889561117677,0.6088044731221727,im_815.png
0.7334475717524771,0.8448744039781989,0.7830317264412627,0.859215317381675,0.7994359474004861,0.873735356573657,0.5926406851117617,0.7907630149338557,0.5612723720239862,0.8162166636127407,0.5617439460175027,0.8241146328091128,0.48643536070905713,0.6259545748361606,im_816.png
0.768174417866346,0.8568841007410702,0.7998773658566484,0.8650283389130077,0.8197494025083384,0.8781773209023307,0.5959538254031127,0.7797483449259345,0.5420294167660771,0.8199595825038852,0.5725224121549088,0.8188595878728258,0.49327567013587453,0.6192582229135007,im_817.png
0.7323015738693456,0.8492607981963683,0.7773657356802749,0.8606037266214861,0.8042571681459005,0.8735884462810611,0.5855005844016163,0.7954724649271704,0.5333292071205048,0.8250503091379667,0.529371163409465,0.8311979231923186,0.5021870761117406,0.6396079480225846,im_818.png
0.754104807214594,0.8477188413232843,0.8051793552281862,0.8654934228827847,0.8203899038262404,0.8772430103137795,0.5956683290625598,0.8005202232552013,0.5599212250979647,0.8204115669880861,0.5593920248383613,0.8240386789372917,0.5130319153367615,0.6376486633089263,im_819.png
0.7480938831137186,0.8424083957218442,0.7988706384027334,0.8607888292581687,0.8165822959552167,0.8722408449630786,0.5980490395119276,0.828479117262406,0.5534089111459909,0.8218973605143075,0.5461971847729877,0.8181248168187606,0.511717443339742,0.6456348074443713,im_820.png
0.7519803287943206,0.8501969838123643,0.8047902654752817,0.8675508411696737,0.8109063173221631,0.8725522774806322,0.5918111242788047,0.8104443963605104,0.5346240364101857,0.8181009082998664,0.5523305676113315,0.8176797408237941,0.487065634988156,0.6242545737806755,im_821.png
0.7381244075662452,0.8442120947450613,0.7861260272499968,0.8666029192521915,0.8007242239245789,0.8725583223021597,0.5894979453116791,0.8140452551878786,0.5064880866047248,0.8192980444665461,0.5133474155083109,0.8244494773173726,0.4699598228285552,0.6388335590775637,im_822.png
0.7535110721100825,0.8465938467499896,0.7925789916891718,0.8620910533748739,0.8081015933928785,0.8678887070285034,0.5997482628510383,0.8145687099355796,0.5503851683481901,0.8191071717658973,0.5519695654921071,0.8167752611139252,0.5028488879424382,0.6401817335836748,im_823.png
0.6796183908517492,0.7896154903992083,0.7631186257599925,0.8372219062422068,0.7548737523703598,0.8382305120032754,0.5505527727335459,0.7389193744617057,0.5037285888193961,0.7637712738360919,0.5039101785254504,0.7586077443919963,0.3949180724662759,0.6024848917313946,im_824.png
0.6415074820905822,0.7807264806686917,0.7576226265630689,0.8417141886658122,0.7387704841358165,0.841932174926775,0.5403310386984063,0.7514797766096124,0.524210988201257,0.7609297130348013,0.5025376447417004,0.7665801451243058,0.3944562919094807,0.5986909789427934,im_825.png
0.6451732226891792,0.7864308074297112,0.7349868574884261,0.8321160141830762,0.7326173291818686,0.8346495628497578,0.5333224401171333,0.736185042856565,0.47103464452218413,0.7536098897404053,0.4742791481935323,0.7579420112762929,0.3701351888311145,0.6172003583205117,im_826.png
0.7019958435905284,0.8106622130421177,0.7575531503090811,0.8437619799348579,0.7546921863374386,0.8420918037680905,0.5562487696291316,0.7668616921115938,0.5001458616502277,0.7726109305955889,0.48438977593863153,0.7716981385284187,0.35180306267546596,0.6008878409627891,im_827.png
0.6789251099974146,0.7984629677953377,0.7421036421224286,0.8322948400669012,0.7359017380804419,0.8354234513735035,0.5283432000454799,0.75601040790528,0.4193627751224726,0.7599127342102959,0.497510477493506,0.757165204503636,0.3275510471751216,0.5738043742636009,im_828.png
0.613288143022029,0.7849434792351847,0.6422442572557643,0.7848318003314042,0.637604755522217,0.7796549051787798,0.5309774491799503,0.7586909572736378,0.46579325652687914,0.7674272237440722,0.49068296561662056,0.7726365996102003,0.28931798926592234,0.5736010824815159,im_829.png
0.673695748321563,0.7929700577957,0.7257793305719215,0.8208914808609512,0.7341286953845396,0.8282445465132975,0.5414716454265691,0.7506983531878713,0.4637462087608154,0.755058058113275,0.48533047870843604,0.75515569558819,0.35010448472800937,0.5998923218933868,im_830.png
0.6528404777043434,0.7909780368993378,0.6760399887345432,0.80434388496845,0.67232110006501,0.8061325815179613,0.5386793516832713,0.7632881005543981,0.4780875885574773,0.76662163238436,0.4881906354362532,0.7737583807956477,0.29858782671173606,0.5802050255384609,im_831.png
0.7147580320403933,0.8364961249986914,0.7645543533765312,0.8513576500971554,0.7732450762440511,0.8590721959885094,0.5812969851388917,0.7762263564480409,0.5350525269443712,0.807805864213359,0.522844200530284,0.8171633938599878,0.4417098754414419,0.65056049693645,im_832.png
0.7135568975456966,0.835041161147128,0.7645631312739238,0.845730270325938,0.7767472236784753,0.8561570659280197,0.5727428921160888,0.7842333787819771,0.5190825114080946,0.8171518681131004,0.492142303192691,0.8156517884948957,0.4262216701655945,0.6363023518272142,im_833.png
0.7451300303265,0.8361770268497756,0.7657703648081763,0.8449968412131883,0.7979633698622921,0.8599229525759261,0.5920951424634326,0.7706431649736954,0.5107147448271302,0.8107707595875236,0.49270800666850545,0.8149073028061028,0.4026925267910744,0.6586869065369402,im_834.png
0.7305594316627532,0.8418761123632145,0.7610050728185122,0.8518608661533486,0.7765373069986731,0.8601731184669228,0.5892125434778744,0.7795006921572465,0.5313185712023855,0.8154961674550089,0.48736375221357914,0.8134879378740132,0.3915061493086374,0.6424883474679738,im_835.png
0.6447823152793909,0.7769401397887136,0.7339326732620534,0.8302114737429765,0.7167716718167232,0.8268256133979397,0.5252119659925171,0.7340655664059229,0.48992386165589324,0.7610188793983443,0.5035159269628756,0.7660861751438274,0.3040370406508058,0.6090314971473744,im_836.png
0.6193268824347775,0.7878935687849568,0.7324701114063599,0.8339797768591553,0.6802433686372117,0.8126270305430499,0.5071162172372622,0.7511095897823675,0.4756125759593028,0.7501069966243771,0.47275587782685163,0.7582769616412532,0.35126646243550497,0.6062233223057873,im_837.png
0.6629550690963705,0.7888677177907782,0.7583417973914897,0.8380282538964019,0.753544450405657,0.8371786772940566,0.5242297907887853,0.7441287434511992,0.4695192171864207,0.7533648371579195,0.469106668049488,0.7572942959682063,0.3940836351573534,0.6080897687699116,im_838.png
0.6294191563003584,0.7873907982913749,0.676924473114284,0.8121120372831631,0.6566888723968466,0.8037747880591013,0.5056211421911818,0.7470351445408636,0.46108503420868885,0.745175148194077,0.4686987659605899,0.7525788587004791,0.3784415582194675,0.6116887245041344,im_839.png
0.7295328563034689,0.84914549678989,0.7912128229492065,0.8669612728378818,0.7851301650444482,0.8721932625244581,0.574257025289706,0.7777973083624939,0.5438393286639602,0.8204569472344997,0.5599081390755524,0.8209316850024977,0.4486498749669118,0.5990274061976772,im_840.png
0.7323648985183184,0.8517838678068324,0.7864562255090631,0.8686053278676399,0.7948175425579563,0.8723126183314305,0.5788676969329722,0.7988347651723378,0.5414158360713143,0.8183186947976264,0.5415743507236863,0.8224822683907259,0.45954257679827326,0.6066768943483166,im_841.png
0.7490257765182273,0.8542037426323941,0.8049565006662626,0.8751917914203674,0.8171534532812159,0.8802653689832374,0.5877551770851543,0.7991344918600881,0.5328924661369251,0.8226171209376774,0.5427004842353023,0.8266235403986663,0.4554408895187226,0.6147034110948235,im_842.png
0.7261011278868905,0.8407230783408449,0.7883537607122743,0.8630837097705597,0.8079234161720447,0.8708599367363687,0.5835571297977266,0.7870125149465916,0.51676740470681,0.8186013323555555,0.5465593391289395,0.8177097093086585,0.4534646211800833,0.6013541735746536,im_843.png
0.6157955083186488,0.7602648065444844,0.6691469251197074,0.7980146289641151,0.6766212214845051,0.8011829291972049,0.5188373417450097,0.7335831957108183,0.4369708696071241,0.7325225021083261,0.459905647688691,0.7356327235662952,0.2297263968844545,0.5762175921115382,im_844.png
0.6298422413950916,0.7687830777558047,0.6672647623496797,0.7925779461276506,0.6496712551240789,0.7905130662640656,0.5310908511866759,0.7583354523319711,0.4496599749990867,0.7399227243946734,0.4929590440812461,0.7423937070685771,0.3328291373041039,0.5819561830058694,im_845.png
0.6413639668517345,0.7784119624770302,0.6957960322856568,0.8144745479441323,0.7026387449971501,0.8155288919643185,0.5159236286303887,0.7331083142418737,0.47577680611005907,0.7513301053954836,0.4786648712580367,0.7462653712312148,0.33947755209077085,0.5679415105211224,im_846.png
0.6283308780409403,0.7555579241281347,0.673563883773204,0.7860233862889042,0.6812611481164131,0.7929087050985415,0.5192168346922776,0.7341207497497833,0.4496598679458572,0.7232747550760219,0.48228744330121553,0.7287038140029096,0.2015677453651521,0.5753022653520359,im_847.png
0.6518427158060847,0.8401060537775857,0.781119513656841,0.871093940132133,0.788613934233563,0.8679820159063222,0.6080627526319705,0.8092013539753885,0.41515106421292647,0.8241520998635646,0.536856507582691,0.821990184776443,0.3245730738837986,0.5852043189580202,im_848.png
0.6464816801943966,0.8326736216762014,0.7741390859807525,0.8653471225563713,0.7915826398956161,0.8564559843017517,0.5814958020432661,0.7988574324114197,0.4351633951854448,0.826176889141558,0.5335726125037,0.8215278158303981,0.296972084373131,0.5995932813692585,im_849.png
0.6833126758416564,0.828038760402441,0.7983995733609738,0.8710941856643142,0.7866416881114452,0.8648373268728429,0.6238309526258824,0.8005091529854937,0.5096557387114786,0.8245433491469315,0.5498334729878995,0.812112341868551,0.35243428409389915,0.5970251515261955,im_850.png
0.6162394065783119,0.8210706818550304,0.7751733304403323,0.8570992489937254,0.7816123979993189,0.8543851405563736,0.5703815954054896,0.7815776645570227,0.39550177961777633,0.8151263406821225,0.524795378739045,0.8161808333743006,0.25513372735030315,0.5680483757881865,im_851.png
0.6358313390110735,0.8279812294528518,0.7869777557364885,0.8649558812235321,0.7948476143865176,0.8642747219794723,0.5815886449768677,0.7930958310485592,0.469747868449697,0.8186413986265835,0.5197478147808097,0.8175158409123958,0.3360593381953272,0.5900950311829036,im_852.png
0.6442943072237626,0.8068544577315973,0.7611343137687491,0.8520114186404966,0.7622550362726979,0.8560530290714987,0.6263201484572026,0.8283894393007674,0.5329945260612353,0.8173812707376572,0.5307094404503845,0.8055655637810718,0.24578120813471893,0.5905024222138096,im_853.png
0.6286045709872883,0.8239594514197989,0.7974613237613258,0.8726543067528675,0.7872816200313562,0.8629677131387418,0.6029571735022413,0.8040208051908623,0.4586073597228442,0.825247390329624,0.5355183995286591,0.8183935209491111,0.33437299785162394,0.5791584867404559,im_854.png
0.637335148942079,0.7975477281554039,0.7195989609087168,0.8519263739594791,0.7596988020408877,0.8541146996642118,0.5966681878517239,0.8071843695821441,0.46523167976286434,0.8121915252558818,0.5330674580368724,0.8104259334631445,0.2689173934729128,0.5687963385132652,im_855.png
0.48298414922753236,0.8182484721560636,0.7486577487568855,0.854778082568002,0.7581516074165157,0.8409462037870398,0.5620105028201773,0.8075070359260382,0.4198558630774031,0.8123937422399394,0.5201301823665863,0.8147016203158796,0.07858372474006187,0.6648909869552904,im_856.png
0.47713003192632664,0.8201597992874904,0.7382516347420154,0.8543379146549726,0.7492388862602711,0.8427471794800404,0.551488689888731,0.8196631211145968,0.3839426422025707,0.8079386781555972,0.519346770100195,0.808919272944373,0.08130641702968708,0.6521685638009698,im_857.png
0.5404825949404063,0.8231079765693382,0.7603207932080724,0.8593239374496419,0.7777667691635519,0.8527945104637057,0.5609352396815203,0.8097616957445539,0.4958306120337895,0.8139451938315565,0.5324102927073351,0.8070202191287633,0.07442009307424567,0.6603998871208308,im_858.png
0.5192852710838597,0.8026732405403093,0.7485934360745292,0.844901023290849,0.7614243267610834,0.844543335567594,0.5737640424965855,0.7977389636191067,0.37280666405732305,0.7950907558136678,0.547037318744762,0.7982744472042601,0.10727720547166152,0.6183259837706352,im_859.png
0.4986785981121096,0.769752901295125,0.6513359374158719,0.8231077146384599,0.7110446947058469,0.8480015542500335,0.5250031162095743,0.7542309512220973,0.4383172754440032,0.7859083770777311,0.49823598094534277,0.7838356154199431,0.08689855858080761,0.5305155466849637,im_860.png
0.4821161162775316,0.751671640488504,0.6524686703498915,0.8085437026534952,0.7099711396354368,0.8357221554918317,0.5120900208216767,0.7799824315402157,0.5092562163976206,0.7916116507844001,0.5114496384604476,0.7749800499372105,0.06673443206711722,0.5391486980054732,im_861.png
0.5294631592097178,0.7906092089308508,0.7570510155441333,0.8550805182642878,0.7818384419973591,0.8553729588746847,0.5525540077707372,0.7467926207520913,0.38745480485806294,0.7895523901339963,0.5265129390928659,0.7836747205134778,0.14910606777801066,0.5572374874475219,im_862.png
0.5410474143907759,0.7833837942727374,0.7031819291315013,0.8333955173944407,0.7539768540057172,0.8457021736647433,0.5572791963809538,0.746471343992343,0.44053576713300163,0.7866515473491359,0.534831188469559,0.7804643075679768,0.16501747708444503,0.524310386759682,im_863.png
0.5662593612106404,0.7262967340779433,0.6070488628724274,0.7491364889434503,0.6093397536331636,0.7411348248233595,0.5343195056974509,0.6856568834374843,0.47346777448641203,0.6986243656233497,0.5235558509314909,0.7153969401045991,0.40140303899080026,0.582987215532396,im_864.png
0.5283328020414708,0.6827601626144805,0.5770089383821292,0.7231251937923167,0.559936117320258,0.6984238801561579,0.5193063947389548,0.6584822828366673,0.48351244738399063,0.6621734101762631,0.49250093560484887,0.6741955543644047,0.39085039699106866,0.5666733697778172,im_865.png
0.5409566119247666,0.7166471819007108,0.5786221296857633,0.7435923108251686,0.5752526087817124,0.7447292266353922,0.4988686082189835,0.6708648019384031,0.47709330072816847,0.6879843588775824,0.5074250129075258,0.6890769664658095,0.36109100002714345,0.6006972278325775,im_866.png
0.6668263871763962,0.7526321899232935,0.6829407927476588,0.7895615144990311,0.7001841934270332,0.7884946524604768,0.5034480164147417,0.6584701340556358,0.5363125047736098,0.7213371287575244,0.5336737108490672,0.6968292298035764,0.37233256976646806,0.6127407962568967,im_867.png
0.6161232596434393,0.7755795512952685,0.6449810743341857,0.7987084768476274,0.6224111522261353,0.7669262976640954,0.5400415541439798,0.7344225956119529,0.5414533358993574,0.7605366320116221,0.5309090214489297,0.7457804848742567,0.35715007792545317,0.5807427609867162,im_868.png
0.5923186703437353,0.7643956803606508,0.6268772184835587,0.7682496755488817,0.6176325768669054,0.7719603254047629,0.5397175961992181,0.7351650641764521,0.5188802192147297,0.7519767482509448,0.5364833055934003,0.7469056949453379,0.32756975057963905,0.544133643640376,im_869.png
0.5798182625675027,0.7640134283795547,0.6337400609256335,0.7929688242353612,0.617852963388298,0.7808285885813893,0.5211238497609537,0.7635562368337534,0.5127128543083554,0.7590554053886576,0.5165992177295652,0.7598708674341184,0.3516047101636883,0.5988210502254385,im_870.png
0.5727949975649829,0.7776544131685914,0.6086179047655064,0.7789881369453578,0.6160958464084835,0.7877298422875891,0.542916949771658,0.7563694753758179,0.5358983603398499,0.784417751485716,0.5416112524156766,0.758093675545564,0.3384999993520914,0.606530346056666,im_871.png
0.5820860953456707,0.7638994913397548,0.5620674321002068,0.7568630694681289,0.5736281446794678,0.7440943488229743,0.5123160638430895,0.7383532441213765,0.38025221616687144,0.7448437179370435,0.42411668065993524,0.7336117310222827,0.2957697659127765,0.6269752546061303,im_872.png
0.6205968409986962,0.7899491553080009,0.6207145638655309,0.7875296169081184,0.5896650639186776,0.7731337654405455,0.5357112676709004,0.7603838005633526,0.5067714335453078,0.7697107129283204,0.502883075927769,0.7560608130904061,0.36802120592485116,0.6379978043194763,im_873.png
0.6085030263958374,0.7773469112100742,0.6257216781891198,0.7787090657589081,0.6311708215874295,0.7557530076520195,0.5541413529413952,0.7559185876770889,0.4718770675808062,0.7543426321480708,0.4424006723658538,0.7496194961066671,0.38196417469657057,0.6670725601882354,im_874.png
0.6056919559320312,0.777876596703638,0.622414939436875,0.7697514236886743,0.6427627126489912,0.7605824381856763,0.5545352531837232,0.7620529610133769,0.49728663232107106,0.7597993749750951,0.46054433767887704,0.7605664661735007,0.3343051733205115,0.6363012079994553,im_875.png
0.6563130977901429,0.7868991155528438,0.7327132149549309,0.8458662242721353,0.7395830055577324,0.8555251793621825,0.5112408907685512,0.6829966280830699,0.5487216704093597,0.7847686634617242,0.5523415334756169,0.8019817507541178,0.37849630927811234,0.6043019257766538,im_876.png
0.6721469480696689,0.8007841138679679,0.7212114400598224,0.8417138118334568,0.7240332664893355,0.8457193094331169,0.5283685191681327,0.7075950615398503,0.5301347707528646,0.7872398489113495,0.4991768189125275,0.8013174398308068,0.35164034960744256,0.6120322801678257,im_877.png
0.6702564066828915,0.7891031375803975,0.7450901614255212,0.8389690905850596,0.7489004817954744,0.8419977786865842,0.5079640661791103,0.6934455809870593,0.5258784692527024,0.7795392204393483,0.5385487730759815,0.7972331873312741,0.40557655104379275,0.6013337362821483,im_878.png
0.7179448691069463,0.7975470986875582,0.7682616391852516,0.8463502252930181,0.7484729577686967,0.8507539559623521,0.5526404096444933,0.7311160692250586,0.5848913217512132,0.7880618281628047,0.5929391109899299,0.8080917433732353,0.4719468250052274,0.6021872168586803,im_879.png
0.7141863844569099,0.8371732682224694,0.7554405378777997,0.8627789111038423,0.7581459208956763,0.8625683165559237,0.5679521077736481,0.7945984204164288,0.5402876970925856,0.7903261689638262,0.5318898216221681,0.7948024867816547,0.42231229654426033,0.5911113889592352,im_880.png
0.7294626849994182,0.836049707073633,0.7497785701756133,0.8667032062577635,0.7894171812997807,0.8781873084235335,0.5925698558107231,0.8051192748095524,0.5778547790590901,0.8077601180897268,0.5552715671559034,0.8184501971953071,0.4116433950797092,0.6026333600216086,im_881.png
0.6643083780955347,0.8196028558632984,0.7004838126781111,0.8392208362948292,0.7293116725700446,0.8543376530740059,0.5485491736732762,0.7907204854283821,0.513706991641994,0.7940138995252805,0.4964785179234784,0.8065499796073854,0.379452271999409,0.584549750937033,im_882.png
0.7053604533029598,0.8170619748870376,0.7520702143935659,0.8550010913004916,0.7442975585996153,0.8525000484362846,0.5755374077869855,0.7989807185212553,0.537905275954101,0.7867388118557833,0.5223024439009812,0.7966630256552967,0.3871101937435041,0.627515849719425,im_883.png
0.7159005829282661,0.8176068613632127,0.7607168563074674,0.8518143065764322,0.7770397996287207,0.8594961740410346,0.5828453703742866,0.7543032862825166,0.5854050665444231,0.7998267592365821,0.5733997136374632,0.8212899152989598,0.46117102171325336,0.6438186743862875,im_884.png
0.5919401831619123,0.8044889795778463,0.6352372876843014,0.8352898768672969,0.6950892446295648,0.8435897779634078,0.5100265147752789,0.7503881985076231,0.4947962817934567,0.758595084713274,0.49849601513439373,0.8038837091687889,0.26954788424585796,0.617220278956002,im_885.png
0.6903813388497947,0.8078235350511122,0.7316029638477373,0.8432487531528291,0.7338813669654053,0.8464718856993498,0.5594646026306629,0.766047630204463,0.509403054277407,0.7790379172947987,0.5216749643321684,0.7968677213293528,0.36688466557952965,0.614204566880727,im_886.png
0.6557815432208476,0.8154489688307249,0.6823183649056441,0.8377074349137743,0.7089295185964855,0.8347893689279053,0.49631367627274003,0.7490784450329534,0.5474509141857955,0.7905321943781034,0.5355041362437658,0.7996565212585566,0.33066417817618005,0.5828216447897461,im_887.png
0.6640813872710886,0.8156156573238496,0.7026881881252175,0.8490251010353933,0.7323819096014627,0.8605998934105438,0.49619186394830156,0.7193496506154547,0.522073500222862,0.7873799285161183,0.5280954737724521,0.8009805248505113,0.3725771974535484,0.5813548500035233,im_888.png
0.6893676372414232,0.8082879366870445,0.7521221311161144,0.852858076681733,0.744529155491325,0.8555397349857141,0.5601579197495333,0.7309828746726524,0.5894295579285033,0.8017189454544823,0.5757378901647753,0.8149663653591059,0.415441711319824,0.6170295070238635,im_889.png
0.7125468795112856,0.8179621035068307,0.7393240801994141,0.8432229103675674,0.7412636465557327,0.8482154364812109,0.5489704650567563,0.7409606498862935,0.5425200731933141,0.7931801195685066,0.5694719654352071,0.8093159244004576,0.39460472764216203,0.5812168522994491,im_890.png
0.6482856355286127,0.8113745816724222,0.7199073840904637,0.8420629753994715,0.7375869943599596,0.8567389596074816,0.5048786858366522,0.7292321397914486,0.5235767510756566,0.784362430052426,0.5251800503915708,0.7993133999897852,0.36404166025879686,0.5803634794461735,im_891.png
0.685156043984886,0.8177265407173245,0.7175755140204867,0.8309278901103666,0.7353165955252702,0.8430516329968163,0.540438706090356,0.7519209921317049,0.5073070430798436,0.7750163957593706,0.5294539813674071,0.7713390420810143,0.3431049545177587,0.5377294410178387,im_892.png
0.6805311666005759,0.8183102296505428,0.767060067686785,0.8592608398049542,0.7588144336607796,0.8653594873317856,0.5770323099844555,0.7873030649635528,0.5780314810196977,0.8003065830539852,0.546587685254204,0.8099720001630626,0.46285677537015724,0.5887711228138167,im_893.png
0.704729031622791,0.8235178734156703,0.750490752749549,0.8536641363978356,0.7711146928552177,0.8661499713123094,0.5799242157097191,0.8025224173822293,0.5373679565564115,0.794471991284672,0.5322782507789613,0.7934566442424463,0.36940611727025613,0.5751777142490241,im_894.png
0.6975036887423216,0.8210851191263063,0.7362925215541135,0.8481593932783414,0.7486964973371647,0.8653795538012173,0.5697196119570755,0.7849266560595453,0.5695182610190618,0.7918805454132947,0.568223588745372,0.8051946273163928,0.3670677169413574,0.5987264977020892,im_895.png
0.6884710345061207,0.8030819300231632,0.7470722967708138,0.8437112313381644,0.7496093762179328,0.8537044212564816,0.5353518126223638,0.7428770832543286,0.5542379070388906,0.8024957457296329,0.5678376534001149,0.8131281274560537,0.40434406645702725,0.6148843863670961,im_896.png
0.6829271283749584,0.8225038253559713,0.6931431503162274,0.8189846065917056,0.7273004009309851,0.8296994646056016,0.5050667126264088,0.7506599323272756,0.5302198896348236,0.7709778770670235,0.550283932926434,0.7897166511265067,0.3911502275298767,0.6220788155296244,im_897.png
0.6870063217889728,0.8222419978541136,0.7581991132479167,0.8679509444050736,0.7728731904595871,0.8756058211123205,0.5347807764049876,0.7490120140770427,0.5220759904904542,0.7878673949754065,0.5409830276844425,0.79526575773859,0.4334594559208617,0.6541807994015566,im_898.png
0.6746770285342533,0.8294982480392731,0.7115492766319742,0.8565160832641242,0.7339787461978905,0.8610591582237231,0.502040310186571,0.7769594243168303,0.5535731069304121,0.8181596766366568,0.5587967844698432,0.8190609257144572,0.37481335844561736,0.585856895634145,im_899.png
0.6402903325658523,0.8102146566880994,0.6971623374054576,0.8462408501090805,0.6651150004285914,0.8405800434403569,0.5039099532505924,0.753061965254999,0.5136340071474614,0.7872309933128462,0.495261248299942,0.7990714819199145,0.3417986132161085,0.5777972815073691,im_900.png
0.6639161496356172,0.7845153725484862,0.6780938120594694,0.8100156157085833,0.6653322188599924,0.817585608169657,0.5584617517385844,0.7336240367331933,0.4869540209718986,0.7532023367268753,0.488222628915057,0.772731409274422,0.32752287269539726,0.5697521189420677,im_901.png
0.6689365808502424,0.8158588617817414,0.7429380769207217,0.8524852589234537,0.7128158569897948,0.8484830831060005,0.5048704075568883,0.7405509117666534,0.5230025991514096,0.799208392485095,0.5555488449246122,0.8184370014281265,0.3657018662172211,0.5682671623733249,im_902.png
0.6560004153756501,0.8142454038766622,0.653459998157712,0.805487034231773,0.6609734650934199,0.806221238186693,0.553450872800601,0.7757206977305012,0.5787695445935757,0.7828164265664692,0.5424898964505984,0.7859724358704525,0.3313821869260334,0.6132691956957417,im_903.png
0.6688379048976267,0.8124944037547549,0.7032520028718966,0.8288289156146466,0.7171392701875402,0.8506786657075761,0.5083611320674063,0.7171840549907913,0.5716725680976374,0.7911507343379156,0.5613718950388764,0.7850627573531458,0.42675044169830706,0.5952483892615861,im_904.png
0.659418190374975,0.8107995335351053,0.6981154701342502,0.8231653277090997,0.7419399319381538,0.8460861296417367,0.4930271991895148,0.7040092059206063,0.5550523350942066,0.7836149178073029,0.5419629454616786,0.7877501317903497,0.4001257169551575,0.5926091151605205,im_905.png
0.6406291848884594,0.7951037324703664,0.6615673440216113,0.8171035330078984,0.7032805498987411,0.8399039218269855,0.49021429300207675,0.7331603262141124,0.5348496842320352,0.7820627206543692,0.5246204987016602,0.7854462721233195,0.35715849764397634,0.5878604896950866,im_906.png
0.6592965820414408,0.8089187401427799,0.6979953900998273,0.8265420057932198,0.7165571476835091,0.8431523599043976,0.4930285305570954,0.7335244310765359,0.5114786344106413,0.7771482356450247,0.5129634434484553,0.7788433644505925,0.29826055098262677,0.5592839083996806,im_907.png
0.6897165919558856,0.810317392711213,0.7575775897691445,0.847053511482861,0.7551443319389495,0.8557075457857639,0.547830163665862,0.7294555634129365,0.5604637669189733,0.7996307563013425,0.5609654823789929,0.8002450058570008,0.4514211381768646,0.6242470440297029,im_908.png
0.701199124925219,0.8015689602520581,0.7576313123380809,0.8570191849976548,0.7542206437416752,0.8658639820478715,0.5285305924509267,0.7237441997904986,0.5679122411953046,0.7920405065401686,0.5668504970080385,0.8042540429767354,0.41140679334305297,0.6304957737186905,im_909.png
0.705650309952936,0.8031549216828647,0.742650229110079,0.8513582948596836,0.7626411016500847,0.8628143456044054,0.5145154883409608,0.724726582045551,0.5359294044455912,0.7920522526344519,0.5257638016972326,0.8066394981667738,0.418956651904122,0.6112731420244661,im_910.png
0.6828857163336474,0.8101607318207377,0.7372651338170223,0.8457733362603695,0.74984608146671,0.8593698455572654,0.5311673877292062,0.7650974703574838,0.5332242240432126,0.7842409073196919,0.580349754028419,0.8116647433258962,0.4613134863652818,0.6161074943467811,im_911.png
0.682240900494787,0.8262493776892932,0.7544003189865607,0.851340833547304,0.7549366940784751,0.854071336754565,0.5785028217334962,0.7853466841626837,0.54810098527023,0.7863511322280843,0.5363598653740368,0.786261887161898,0.3446344568951355,0.587262025122089,im_912.png
0.7126955705089146,0.8416652126208453,0.7542785607963312,0.8645165483608339,0.7496095665980773,0.8653922516291509,0.5713133264246382,0.8088581656127869,0.5446454866575372,0.7923875722730254,0.5182202208869071,0.7897822764040574,0.3415490513363836,0.5521781674365873,im_913.png
0.7026107420650887,0.8362177378912625,0.7447424130696397,0.8566926722505995,0.7405924232333516,0.8666865796594172,0.6129765268670859,0.8197499592791604,0.5846382018056194,0.8031075715699916,0.5711680698983944,0.8041794556128924,0.4075658536950104,0.5849003593927865,im_914.png
0.684514002849093,0.8127089276382774,0.7376196348537318,0.8481234733574144,0.7603586995538693,0.8560715143860131,0.57489703449451,0.7835905201205847,0.5377469702170639,0.7847088689337711,0.5322194394526029,0.7929183413578907,0.39773586300913355,0.582524062496814,im_915.png
0.6852951339309685,0.8101054937547647,0.7506846124942881,0.851074432721433,0.7270722298830334,0.8511981774566105,0.5037536993151794,0.7246699573399388,0.5293941865114487,0.793559870440952,0.5538565936367129,0.8078607784217509,0.434928459286865,0.6082598593046646,im_916.png
0.6752932362542062,0.8219221621055054,0.700656572775163,0.849725448754272,0.7133070378632049,0.8555634310120749,0.5299084323983541,0.7284784938966323,0.5146716878865413,0.7947208480914612,0.5383037424705746,0.8117746059974168,0.4104232947283745,0.6256029335124209,im_917.png
0.6927800311089641,0.8029597946694405,0.7394247615667839,0.8434478190213964,0.7518716446249508,0.8502435177086112,0.5028689272651051,0.7542429352206755,0.5542519004423667,0.7844300329031334,0.5310771459966311,0.7960995432372162,0.3559104716936567,0.5831216763074974,im_918.png
0.6782409076838513,0.8127271893617192,0.725096068889207,0.8415005529500975,0.7262600157260235,0.8476771868708642,0.49448942590301925,0.7488080360677961,0.5482311031607544,0.7800489332437266,0.5373666708185221,0.7934079651181065,0.37287054712556067,0.5908810049161762,im_919.png
0.657937957595888,0.7845187366547545,0.7253293052805495,0.8411822374884823,0.7218199618928748,0.8446135182497847,0.49236550829038933,0.6447891548916129,0.5650582199689956,0.7733255306656952,0.5779723620030105,0.796333719227699,0.31822476452370396,0.5745962701621993,im_920.png
0.6836945337458271,0.8226504570876414,0.7282558592016607,0.8478803855391958,0.7425869434049142,0.8556156458079291,0.5128360280533439,0.7138656834761526,0.5540674734878401,0.793767993393753,0.544340717765914,0.7976478230084849,0.398121355490302,0.6015903260079054,im_921.png
0.6949330900416489,0.812527596390587,0.7419747366427044,0.8489939083484993,0.7401634484988672,0.8536320027442521,0.520622144959586,0.6877899498691888,0.5161398030266227,0.7778949631001831,0.5544569043106763,0.8001127840698238,0.4116813423719449,0.5972074176145961,im_922.png
0.6754588628803516,0.813236740226532,0.7169614455529362,0.8445770674232632,0.720751977345226,0.8533932390474769,0.4910955221361076,0.715241289371726,0.5341072172559043,0.7785880493588068,0.5233978941256477,0.7945897174119488,0.40779492154816827,0.5736393067779902,im_923.png
0.6990057522852507,0.8138691761962787,0.7411930841071307,0.8562250429338446,0.7478770474728191,0.8645535368382151,0.5263475454855929,0.7345518472293997,0.5871881870963899,0.7938553611893703,0.5757256096846023,0.813374629386585,0.48600571242756024,0.6258000193455332,im_924.png
0.6432768686767912,0.8080926489471401,0.6885315163164777,0.8410060774543788,0.7103390403846324,0.8500004509994642,0.5291766553372113,0.7465178388057623,0.5290326351565673,0.7892781766761565,0.5143986331778114,0.7958773787692909,0.4574909738996323,0.6080399596452567,im_925.png
0.6953149797513788,0.8247654568224838,0.7420506375009844,0.8529902739363098,0.7602897415489603,0.8606169208895966,0.5567612285564179,0.7453097871349876,0.5605947892300803,0.7999051940520971,0.5699790565456402,0.8206516587951739,0.47091392057841003,0.6098006970098744,im_926.png
0.7348271520698093,0.8148655532419504,0.772637645286583,0.8549142007009095,0.7676870954029269,0.864818116946707,0.5672005769897773,0.7397640502133059,0.5956548208929627,0.8016710057285577,0.5578316575871454,0.8274358574748624,0.5105173107603166,0.6372353118616431,im_927.png
0.650479459312481,0.7918861263504221,0.7064529095118496,0.8426001604743898,0.7223319556645474,0.8484906905044389,0.5025485013209895,0.7124134257911813,0.5221289499695129,0.7814145189258447,0.5216067643608407,0.7938731093467226,0.3163047408990844,0.5782522054638219,im_928.png
0.6829833011550044,0.8104853985638836,0.7215906132047829,0.8467985325779788,0.7472332330664121,0.8594539543831693,0.5301796130483324,0.6928016260306878,0.5056836209569584,0.7844845240816539,0.5429076045156671,0.8021452261492714,0.36547710036896275,0.591092791035303,im_929.png
0.6574990940683232,0.7979905366954434,0.7480531376328478,0.8552534293601802,0.75313794066651,0.8612553467508706,0.5097879250959844,0.7289203177186983,0.538353570856586,0.7866285105775668,0.5469531149037501,0.7981611550405772,0.3262301260603012,0.584013413999505,im_930.png
0.6679351191435419,0.8013204755428847,0.722270149620549,0.8463992385694602,0.7021680233477747,0.8367448642879556,0.4965218171327004,0.7642101913810962,0.49604208485046725,0.7663650226408031,0.5236582931226382,0.7878815455676704,0.2994876286161537,0.5554285867188077,im_931.png
0.6885193590330208,0.8132856824624622,0.7534035137823891,0.8455608228711649,0.7279508653473629,0.8579715009594918,0.5442958986345505,0.7290037209350213,0.5635088940140768,0.7748901549549305,0.5612388677563034,0.7949255630239198,0.39556586577373687,0.6066829992224458,im_932.png
0.7401597269373884,0.8113752609872767,0.7458291919708774,0.8433485467744583,0.7877549041426682,0.8403335823051036,0.5298434246495218,0.7537409262915912,0.5825597334334488,0.7634468168164416,0.5963266603306674,0.8035245487906268,0.3720450117510523,0.5970914033220508,im_933.png
0.6902376036889232,0.8095561829276358,0.7251139693063352,0.8574377097905317,0.7474555021883252,0.8701334237033802,0.5315820355207032,0.7456195797600317,0.5733842767884116,0.7922522726010055,0.5627926895813663,0.8097207811616624,0.4380981146499684,0.6204776423104492,im_934.png
0.653255878975777,0.8004647986089483,0.762979906878148,0.85538249388127,0.7492817871049183,0.8551549636135856,0.516753497262473,0.7857959018769606,0.5182840833162166,0.7770423054628405,0.517291522153723,0.7907557308192095,0.3125146465073091,0.5582625525803642,im_935.png
0.6319038466825355,0.8113825451315441,0.6874917582104718,0.8447764569607576,0.6883069953876637,0.8589403839429631,0.4932750665279626,0.7194174906186498,0.5190022483300422,0.7999363797773513,0.5079603458277637,0.8110343906503488,0.39760266327841376,0.6161816142696367,im_936.png
0.6343993515686985,0.7851194018576637,0.732559135296501,0.8338413837361687,0.7249648083841288,0.8455875504147601,0.5052102257095591,0.7356891740661068,0.5405215345500458,0.7823094532793937,0.5429885976382678,0.7976816398144656,0.3642101616256368,0.5760066919348988,im_937.png
0.6827837567496123,0.8006693333423203,0.7357111377793581,0.8358020823825039,0.7537389542001046,0.8499335959826576,0.5098405644114345,0.7356178458425331,0.5455003631320774,0.7919001333268475,0.5475770425039831,0.8074046377029149,0.4139555827977541,0.5724568970422648,im_938.png
0.6695976073239216,0.8010798593092506,0.7440722505080863,0.8578635344383104,0.7670677887007405,0.8656670153960171,0.5219853377661441,0.7390765909216941,0.5703606927135728,0.7983571848816035,0.5419563639624839,0.8160700904916729,0.4694388421056747,0.6331475669433135,im_939.png
0.672303032417904,0.789839194704248,0.7079538159506513,0.82895376006036,0.7267546524094429,0.8451400663242783,0.5073499377142558,0.6857054352297135,0.54505590777189,0.7531317539201747,0.5413912010287152,0.7810257192417126,0.3553516455886633,0.5536820935655862,im_940.png
0.6796665565671077,0.7778472013704076,0.7243537512871846,0.8332821197419169,0.7373835537450171,0.8416629259348547,0.5249237913957534,0.6991099010246039,0.5291252937647032,0.7683915089009594,0.562357281269564,0.7854074028198397,0.3997048419800772,0.5888670616636035,im_941.png
0.6688413154485822,0.810857018112466,0.7078100116406959,0.8395291190510326,0.7250630152951952,0.8535623505224511,0.516585429458715,0.7362304115571511,0.5580252599180118,0.7789356229070363,0.5431035652363333,0.8015404217273572,0.4112558134671394,0.5936088225949997,im_942.png
0.6961783084321754,0.8044368372499483,0.7402881613790178,0.8425794938083925,0.7327599995809743,0.8486675249147636,0.5522902320748045,0.7248240158373979,0.5431181941642041,0.7872787221115645,0.5737704077416207,0.7964724145369221,0.38458220448295893,0.5874118952372224,im_943.png
0.6774292327963541,0.8303441167039665,0.7143086240908906,0.8630544963030155,0.7466186463781955,0.8774776859682842,0.577771260708646,0.7979190720195446,0.5682762767714963,0.8058732399845948,0.5708145543129469,0.8156961891497443,0.4874163480290093,0.6176969433119646,im_944.png
0.6911518999678109,0.8231210063598785,0.7556201062418956,0.8669607821692047,0.7880077390676806,0.8771837088103861,0.6308220690302806,0.8170646214408825,0.5853460274989805,0.8013846079989642,0.5498895580788132,0.8050892726852845,0.4275697054070488,0.6671742150240737,im_945.png
0.7008921052140948,0.8321399682698541,0.7761507239736418,0.8691303341159645,0.7985109579144011,0.8770941329204471,0.6122336799949998,0.7941873547175634,0.5773143678132188,0.8050316489491242,0.6061997685439223,0.8240340906591579,0.4499251912693151,0.6514344883479373,im_946.png
0.7330843116978477,0.8445515187469679,0.7589175724250431,0.8683264143843041,0.7597094813581496,0.8777420142304538,0.6528311463101625,0.8244016550524134,0.6594544537839304,0.824766231685147,0.6037595388821128,0.8188485378013318,0.5982028065497801,0.7225261984046242,im_947.png
0.6954297204811641,0.8275341248350946,0.7478486520075731,0.8521708557771307,0.7606237554484617,0.8682689251029861,0.5111408119861853,0.7435256284273025,0.5708716276592029,0.791746523803974,0.5620676101097831,0.8143876525018866,0.41946255564612756,0.6024166066898852,im_948.png
0.6776904366766573,0.8187982545294424,0.729515195672561,0.8475164515855662,0.7526602135480046,0.8600616727708126,0.535559327153938,0.7430409336139726,0.530491249123544,0.7943037541281,0.543073654002322,0.8142839384320243,0.3932282599574258,0.57550110960795,im_949.png
0.6995185317145982,0.8135441527774634,0.7389003431199259,0.8423633661325911,0.7560392068924763,0.8545969525793715,0.5501746663428575,0.72514761421076,0.5424657741043533,0.7955274864743097,0.5653151927261724,0.8083306594769355,0.44120850328906464,0.6207928174995486,im_950.png
0.6869371646154586,0.8205145414177253,0.7155838094852075,0.8471299434138495,0.7207242472725873,0.850426662322314,0.5374807245140089,0.7481914726468479,0.5857500793106587,0.8026379752652776,0.5758175016065978,0.8057018910587955,0.4099103981641327,0.6003224769143595,im_951.png
0.6226300620712283,0.7673603662622572,0.7151722752168544,0.8064793792100297,0.6675125199907598,0.7891579977558625,0.5911298841236134,0.8060596211289053,0.5000814615114199,0.7576933131109556,0.5262268727647297,0.767563113615613,0.5348206986505937,0.6313509757385583,im_952.png
0.6470676129610118,0.7944241395667995,0.6433061738862857,0.8308283397753747,0.600153889328515,0.7978294501549218,0.6492328939541373,0.8172973915627227,0.47733181110564,0.7672636492193667,0.544110107680739,0.785647251748021,0.5033459226304455,0.6827353403230272,im_953.png
0.6087774209355356,0.7292891657354935,0.6415244387661146,0.7948368091042486,0.614169462561807,0.7566440285594579,0.6051473791377998,0.7951554883746151,0.5430696330340009,0.7218502004656081,0.5202935092416024,0.7203544929401625,0.45221051700608833,0.5824701740132427,im_954.png
0.2328767123287671,0.6941176470588235,0.1891891891891892,0.6704545454545454,0.19718309859154928,0.5268817204301075,0.2535211267605634,0.6276595744680851,0.22535211267605634,0.6235294117647059,0.19718309859154928,0.5824175824175825,0.22535211267605634,0.5138888888888888,im_955.png
0.734711366287858,0.818974271140277,0.7708884256232647,0.8487052050741634,0.7683114445589326,0.855507682860523,0.549772767127355,0.7568578587595715,0.5527452712102278,0.7851953286564668,0.603946938257774,0.7952453188714274,0.36005459148464586,0.5927726479323853,im_956.png
0.6892186003813395,0.8171678124710574,0.7269741617792668,0.8419737446291005,0.7400322433674994,0.8367152266346223,0.5234116247955927,0.7491762759560323,0.4761210013364719,0.7779501764029663,0.506763149585089,0.792412152255279,0.3003622034303779,0.5613698997098421,im_957.png
0.6897946543798219,0.8179204066053954,0.7259960410173911,0.843414170676295,0.7354888790163984,0.850728707906624,0.5355540075346039,0.7656923728229661,0.5699012520405976,0.7910874029887863,0.5611502067288133,0.8004587529958389,0.3465996337634424,0.5885000745923622,im_958.png
0.6284547100694337,0.832220873898233,0.6890718415813653,0.8495646378262371,0.6825407345023397,0.8535689523057,0.5259663116097414,0.7906628047456884,0.472781725259122,0.7767885384110373,0.5270092405429864,0.8085540314853396,0.2481769851015312,0.6022759417245983,im_959.png
0.7110974923993885,0.8228362236405105,0.773415490158917,0.8654667116549912,0.7931048360396158,0.8783674466358801,0.5968562310366593,0.7893415209574179,0.5597243567589458,0.8060934399854001,0.5436785747401782,0.8102013303132389,0.4020090446089478,0.6181013335523304,im_960.png
0.7042187660759096,0.8194750506100869,0.7642582802543545,0.855063021951006,0.7859057649193281,0.8729689412988639,0.5727551353057126,0.7676411801612858,0.5518537211061095,0.7968539085399317,0.5541094965852665,0.8110321454237,0.39268083231388984,0.5959664116990264,im_961.png
0.7186620333589345,0.8349481111038111,0.7738984146882673,0.8584271690902245,0.7810706387293873,0.8682503713848325,0.6069225968084387,0.8099347568540116,0.5504706217450838,0.8027582148760827,0.5465562352502841,0.7962956721494319,0.40110571197367667,0.5940890294121047,im_962.png
0.6971662323025738,0.8264530428091682,0.7673955806293441,0.8595272571450916,0.7588665601850932,0.8607040187857579,0.562582048343613,0.7769237704273197,0.547974271153191,0.7886149007992944,0.5426790247451627,0.802019677284302,0.42654988602469707,0.588397766032612,im_963.png
0.7043608303605512,0.8369785906162998,0.7348782132554263,0.8590363016672652,0.7578470464444264,0.8732933519981338,0.5854341844217434,0.8008716697419841,0.544269797715048,0.8046817729203498,0.5443668506849773,0.8163161637266517,0.34614678774141866,0.5912445989015903,im_964.png
0.7430695491153515,0.8177867010190272,0.7780452689189218,0.8552398710854187,0.7649700005871168,0.8607149492534892,0.6447319561431165,0.8175398901127103,0.5824005468879108,0.8035449706805615,0.5721544186292108,0.8029535322798548,0.4724245761908888,0.6084929674557255,im_965.png
0.6778411587627531,0.8263325893154152,0.7465253026253194,0.856438901532134,0.7465925845040023,0.8543585550791545,0.5726556779136173,0.8163399405466014,0.5612943698247214,0.7968981122373315,0.5162030492792475,0.8023708804875179,0.3959878756522574,0.6252637426975157,im_966.png
0.7103397671095617,0.8227016843100392,0.7673358530834192,0.8552070858215602,0.7525941654795806,0.8573992166527898,0.5747688433020397,0.7885832246796819,0.5685137164026394,0.7935462685045086,0.540982591975747,0.7905342382569143,0.3631744802227059,0.5476167847877413,im_967.png
0.724024872867854,0.8258193660892582,0.7916389151706656,0.866874513184305,0.7860280849440935,0.8710389021551346,0.6073131632907791,0.7984314346077938,0.5924508098664931,0.7954420265006616,0.5893010825563996,0.8080508758837566,0.4372615055407332,0.6558685281506835,im_968.png
0.6285989853040048,0.8132296295223265,0.6936513944345668,0.8467203722610088,0.7073700917997321,0.8588198875980726,0.5678718628778586,0.797621854529449,0.5595507782689207,0.7947957391921137,0.5702381104104431,0.8216218896851267,0.33975354325821355,0.5172055769339753,im_969.png
0.6598428279949009,0.787605956661029,0.7049456129423005,0.8260771185650049,0.6825383446602834,0.825132083240102,0.5792272892666415,0.7621903979832955,0.5391441908370551,0.7576591721770063,0.524651745961895,0.7643689858116555,0.4260161100923734,0.5858639195561267,im_970.png
0.6773940436302176,0.8336593053295549,0.753276893500256,0.8597618368368654,0.7036292696252779,0.8443306250938427,0.5684631735844216,0.8142769314962924,0.6151959699276174,0.8231052936135642,0.5472032969916123,0.8260315080381213,0.37901526530308444,0.6322089763407163,im_971.png
0.7456993042238714,0.840140189204382,0.7817992663888382,0.8663414045823301,0.8034363549040164,0.8788404697879334,0.6073170643952046,0.8122736427507776,0.5799033137619245,0.8052071186877136,0.5719451744449005,0.8227426091750673,0.45069937141465155,0.6223087753905617,im_972.png
0.7388122796369637,0.8247168295527385,0.7373480821231062,0.8603045668694436,0.7501638222135614,0.8675561537221199,0.620308812843798,0.8157423720720005,0.6267439223851047,0.8109932843934601,0.6085516449274466,0.8212886028156504,0.5265169017683321,0.7128156209441564,im_973.png
0.6727477229777902,0.831586121921538,0.7720643811525033,0.8608669663244415,0.7931824649057658,0.8799257298509154,0.6073769039571648,0.8202564693225798,0.5202890485903986,0.7835885004409512,0.5306580302320255,0.7894015881315493,0.38740636936807715,0.6164290968115148,im_974.png
0.7513988247385739,0.8306093672147021,0.7332208270564622,0.8587174941587783,0.8055336271065356,0.8647794978804616,0.6733786333123915,0.8441979138907416,0.5756504829173165,0.8090304293947131,0.6032225778143909,0.8115144243767052,0.544692392139021,0.7282545869275943,im_975.png
0.6509476848544656,0.8103665013448776,0.7087954137880736,0.8434203085027489,0.7082346430149353,0.8489453665254638,0.4899953859069969,0.732382582554774,0.5325149403232776,0.7867935908324072,0.5212442134923458,0.7836690960299334,0.33323524711978153,0.6015464528176353,im_976.png
0.6755666118683027,0.8103133467353171,0.7242546610789213,0.8497672337620146,0.7327689373784116,0.8564058529953935,0.49710877144725607,0.7020083055332681,0.5192713521003876,0.7773534664827861,0.5374968396402352,0.7837081352153462,0.3421617985155898,0.5930902276946813,im_977.png
0.6280997616943621,0.8040566638450718,0.6947554278391697,0.8394626560204062,0.7063495603141675,0.8596468629796553,0.48921676066748543,0.7501259232841385,0.530588577451306,0.7837375374841186,0.5355307715840009,0.7984159281741907,0.2768879670518685,0.597751766823951,im_978.png
0.6424768634910051,0.8075159708030386,0.72232524465604,0.8321507552477897,0.7369050840026559,0.8401797302043996,0.49693593811586156,0.7491081522824358,0.5353241389098734,0.7785495627829536,0.5331848938416756,0.7836670264626012,0.30246252237620824,0.5652385627143286,im_979.png
0.7012114887552847,0.8256056028585491,0.7557011925840498,0.8482893103901719,0.7554062428870606,0.8580649763767642,0.5313595454727742,0.7631237357007025,0.5521369442855186,0.797315712615415,0.5389339087880536,0.8100102021366972,0.3742709688547291,0.5739284521987554,im_980.png
0.5959964890036835,0.8073192087493252,0.6833362966250439,0.829825046570903,0.6629645123030519,0.8377372824086436,0.45972414806686746,0.7262513275976994,0.5285451728569261,0.7636821686611633,0.5013626589146136,0.7604022237954529,0.29967765388515416,0.5156424513487894,im_981.png
0.6741023515277177,0.8161805626078491,0.7046533553774627,0.8408034869187935,0.7157571192237991,0.8555233181235098,0.47820547005049335,0.7256622316348816,0.525206995513123,0.7779960742085336,0.5196830404047736,0.789453185521285,0.3066735097746579,0.5233486790323613,im_982.png
0.7082938447964684,0.8085378549439208,0.7657382040338112,0.8304912412656319,0.7516535158118802,0.8496401771330491,0.5466169448107607,0.7448410586631332,0.5249368096809878,0.7480018545133095,0.5735008642468434,0.774990145079437,0.22717210816010458,0.5492418419390205,im_983.png
0.669241906417394,0.8177239034486073,0.7201956881350863,0.840815524058486,0.728704710426418,0.852442365176642,0.5239197153196644,0.7473353862418579,0.5579705330352205,0.7994710124044624,0.5722374084117317,0.8161652469609254,0.4249500605953817,0.6124786418209924,im_984.png
0.6615398355116499,0.806141692960918,0.7153057571930862,0.843833802224483,0.6885385326159644,0.8454983416916543,0.5373760798103349,0.7431226490871268,0.5227348343512043,0.7907777343103027,0.5467229837271169,0.8034611814422493,0.38221460703583165,0.5933359932440586,im_985.png
0.668133026642786,0.8008276519148149,0.7083348490172456,0.8341402474698069,0.7081889444239584,0.8463288409991672,0.5092465227814015,0.7213544081372187,0.5456361658078549,0.7869684152334326,0.5598172214858266,0.8018279140531261,0.35386091146537424,0.5952613041079129,im_986.png
0.6937513016312243,0.8241181840380919,0.743327416997282,0.849561247337217,0.7438379592266142,0.8533146980931909,0.5003914261173757,0.7259809795788575,0.5681295340707202,0.7873253489715994,0.5370996999916943,0.8058194224938607,0.3748519549058046,0.5832719597203082,im_987.png
0.6769422774320982,0.8110286942853915,0.7227794765447411,0.8486666434601288,0.7471578846817033,0.864080742960434,0.5135538142466556,0.7365487635374337,0.5390469047016196,0.7955577338071081,0.5301048649500077,0.806818211510258,0.3993274757865926,0.5840853242825155,im_988.png
0.6864881750421288,0.8051558832178792,0.7889371021328102,0.8519807631908972,0.7619179703846528,0.8516051159208765,0.5214386898873908,0.7189686846973189,0.5675933029787495,0.7705067431533393,0.5591699950408942,0.8002701688591208,0.3828010036497353,0.5528297954884202,im_989.png
0.6848337526725135,0.8062432781787254,0.7409017738437623,0.8386010158487679,0.7413663949184062,0.8387913980454516,0.5124575424303217,0.7461416830164529,0.5094098067825156,0.7807634619293978,0.5355846123915364,0.7846698125554098,0.30964224498363196,0.603371646190192,im_990.png
0.6792427338206971,0.8066282672913455,0.7364242228592113,0.8384569909839437,0.7454763397876369,0.8442846166477823,0.48738747922597053,0.7296649338441683,0.5174210647778907,0.7790404563779346,0.5488650972087163,0.7868030108009676,0.3484162178642384,0.5904659161266678,im_991.png
0.6810371843908767,0.8491268737166484,0.7276291311084633,0.8744862842478227,0.7348837593985049,0.8755562401139052,0.6240620323672559,0.8637712907991627,0.6242295906966981,0.8533580373749151,0.5702680023785225,0.8316687301233794,0.5330409110448993,0.6448977792894557,im_992.png
0.6981164434241517,0.8235719308106288,0.7687140124702018,0.8646475645476821,0.7540712190628264,0.8701900243553722,0.5924722552168538,0.7954214645958428,0.570421227207613,0.800587739725485,0.5374553626969301,0.8091215614277087,0.44192125226913254,0.6265301379555293,im_993.png
0.7136553750229547,0.8318953328549573,0.7470194654846626,0.8715730543289997,0.7429008762363399,0.8629199705343955,0.6312517537570801,0.8351640686346953,0.5349207946104788,0.8107248600918895,0.5212326773414507,0.7983159756785088,0.2854264584082907,0.63665165057075,im_994.png
0.712371340710308,0.8390972129640515,0.7473096778867595,0.8678316140516028,0.7657911767305934,0.8693192463378091,0.6130341540836629,0.8217564370707121,0.5702108255463172,0.8096432176418932,0.5675932805644162,0.8105032588982805,0.4012616602531429,0.6043597019854622,im_995.png
0.7065858118968872,0.8347991556445019,0.7525237335681048,0.8620214710874649,0.7680481042659076,0.873065204020657,0.6071778843827956,0.8132064208500405,0.5678444614325919,0.808979145604358,0.5725322157569092,0.816470619622743,0.43456166657897827,0.5996484492769986,im_996.png
0.7446761823384853,0.84102244193727,0.792643797103219,0.8691125597065436,0.8016392016732168,0.8779436696859085,0.6162453874991611,0.8012360843235133,0.6082447463659287,0.8031840433367279,0.5839760402357818,0.8185365785602166,0.4262869450377952,0.5968154322255831,im_997.png
0.6886550116291503,0.8296295465527884,0.7444841853770502,0.8524793189230377,0.7569435304026204,0.8685390823854124,0.5888550670048536,0.7932649905225369,0.5401433807812923,0.8084972026058982,0.5412609889219593,0.8129488923884493,0.4160851221449648,0.607740318736206,im_998.png
0.6961319560804267,0.829733220877934,0.743538868853916,0.8571055035929174,0.7733804942087608,0.8682997790222875,0.5758474733412917,0.7855888304895559,0.5310165670896214,0.7952894116676673,0.5439661557758025,0.8053997843931712,0.39830713196485473,0.5869957724118535,im_999.png
0.6762102058389807,0.814965351512885,0.6846285012750919,0.831565219833296,0.7161569781725289,0.8398190473486254,0.5534032051737194,0.7623684271081764,0.5319965856120296,0.7837046860655352,0.5300195981972218,0.7934331617145269,0.4133632204846559,0.5793562986763969,im_1000.png
0.6277317796410644,0.7787547780802211,0.7276825616341498,0.8107248678423601,0.6871461033167419,0.8209264117276118,0.49157338258434957,0.6960412960904261,0.5315201540138365,0.7316278052365416,0.5280478984791002,0.7575385581650955,0.3279923821402986,0.5660882514037426,im_1001.png
0.6787166954172605,0.8049101920107194,0.7204925581639995,0.8362339981338843,0.7341591832473787,0.8471911527248676,0.5558002934335241,0.7360177938883699,0.5460673897507361,0.7849984539267175,0.5629453328267512,0.8028293375548248,0.380413135459061,0.583023456935842,im_1002.png
0.6565285586929723,0.8292654007305112,0.723803713639337,0.8514398630282516,0.6923506826411429,0.8380300416771611,0.5385645095033519,0.7698432075798732,0.4577818306469034,0.7751340604698147,0.5060041332262939,0.8163683483938691,0.3116325265359801,0.6210911553412084,im_1003.png
0.6660387339331797,0.7964910008804263,0.7149324002163849,0.8300839442603737,0.7166739921783628,0.852452124202803,0.5393287686475132,0.7595292284926606,0.5497239371725459,0.7712118443678747,0.5619300474559977,0.7831103581615526,0.2913525455171912,0.5793075694424639,im_1004.png
0.5838337653093254,0.7711318666642559,0.6225895571425384,0.8313264474566984,0.6151949057100833,0.8162806259139727,0.47919660593687863,0.7068542532080164,0.49223321479820115,0.7460014642866547,0.47455834536158387,0.7555336041537506,0.22252787150952344,0.5572704778820744,im_1005.png
0.6585320046466813,0.8022672178178051,0.7108635992444962,0.8262834306770773,0.7267228689522912,0.8496773226333079,0.51807676249141,0.7357573543561005,0.5377204193676721,0.7697247514399135,0.5407010246357168,0.7899376391275763,0.28083002250251954,0.5513095797669071,im_1006.png
0.7118342211741201,0.8315237925389777,0.7066728729309817,0.8486040557263222,0.7072692946898687,0.8561677282474368,0.5518035208925504,0.7590652637426857,0.5763307668814028,0.7859671827866481,0.5872470907474404,0.788018428664122,0.33500701783322656,0.6091419686272262,im_1007.png
0.617375383654447,0.7678242814116231,0.5946766322103175,0.745535905293884,0.601640123111287,0.7579925532604705,0.544430627253632,0.8419867670471314,0.5499395174542931,0.7587520467348915,0.5293556533723569,0.7877646990674975,0.28500998201101685,0.5779413652981659,im_1008.png
0.7109660991475281,0.7010417712599634,0.5676436825625663,0.7282698520021036,0.5558793886823626,0.7145426161303866,0.6487938362671071,0.6840578758578012,0.5772350249877454,0.6923638022784733,0.6168623851000518,0.6458268859193114,0.46854800865855184,0.5371649044723893,im_1009.png
0.6977467923109623,0.7859360840240815,0.6656618900170231,0.8272288503646251,0.7420680349988774,0.8399896777550817,0.5844230690177596,0.80323029464862,0.5886516070578753,0.7991247964110372,0.6634655325303763,0.7886871566214214,0.33834697532202984,0.6089390658227629,im_1010.png
0.6377433741215179,0.6936228428718179,0.5357477025187203,0.7328139935358171,0.577188022752462,0.7006048924796127,0.5338247313240012,0.6986152370604881,0.5207605731773916,0.7276190513200889,0.569316145015115,0.7347706337802745,0.33402718964368006,0.6199111130017149,im_1011.png
0.6178003945453305,0.7477245563404595,0.4132318785965831,0.67737730911055,0.5911271698314656,0.7281142770356734,0.5200004262153829,0.7040065166275131,0.5401148370315927,0.761586527988443,0.47681248301816537,0.7353022149320798,0.27197606238569577,0.5127063964036361,im_1012.png
0.7027404914368488,0.7943554223005002,0.7423151818520558,0.840027232020493,0.755019185765731,0.8511355235977113,0.5249886677102535,0.7090233705255145,0.5508326858802273,0.7602710789195406,0.5371147322945765,0.7960152711473516,0.3102428429713798,0.5901239514270713,im_1013.png
0.6136990346901515,0.6676711388645931,0.5529728746929371,0.7423226771323278,0.5062322330463858,0.7308313485124339,0.44810369201693734,0.6741652825064568,0.33749404376944664,0.6931294697386932,0.5190221637313276,0.7278836131342125,0.3981370225206608,0.5295507217900651,im_1014.png
0.6627901852011785,0.8062947121592846,0.7354284255044308,0.8396112043290319,0.757007547428047,0.8492390142448102,0.5454936388145345,0.7706306081103503,0.5681973952739134,0.7823099477376455,0.5833913613127204,0.8046818955509124,0.28340918376201063,0.5938970231511564,im_1015.png
0.6900205842174898,0.7883412481074454,0.7057828889798884,0.8134046192164742,0.694624294269013,0.8085868804796594,0.6184473865005808,0.807721633255281,0.637409837466258,0.7810394411468764,0.6403976868019312,0.7840446227717129,0.3137514093178141,0.610057269602844,im_1016.png
NaN,NaN,NaN,NaN,NaN,NaN,NaN,NaN,NaN,NaN,NaN,NaN,NaN,NaN,im_1017.png
0.6797997050048736,0.8077726234284427,0.6376673126405413,0.8307153639989048,0.693037036384923,0.8332592751691356,0.5457733827481953,0.7625517739691462,0.5359547162278454,0.791850557656253,0.5594733454428076,0.8004206048732675,0.3301756756671341,0.6094238809766639,im_1018.png
0.7246376811594203,0.835820895522388,0.48333333333333334,0.7164179104477612,0.6268656716417911,0.7014925373134329,0.6865671641791045,0.7910447761194029,0.7164179104477612,0.7164179104477612,0.5522388059701493,0.7014925373134329,0.4626865671641791,0.5223880597014925,im_1019.png
0.650817514289417,0.7982295103428182,0.7036205646678093,0.8257920701480713,0.7161686397512536,0.8492933250048184,0.5048681386220184,0.710238560022007,0.5150261765050294,0.780351154715885,0.5258836412119097,0.7873283176212981,0.34758638047064444,0.5794569006758414,im_1020.png
0.662764095605204,0.8131831158823629,0.6974994471449271,0.8262607901874174,0.7064705941091854,0.8502521665879852,0.5170197412391849,0.7219378539339474,0.5223855525087918,0.7757427699868792,0.5176356116019013,0.7757589272895293,0.3735501802710171,0.5652298801444162,im_1021.png
0.6815304515800571,0.806782417411282,0.7170725438135552,0.8333517373102164,0.7413090845054844,0.857726063367475,0.5405711246796253,0.7318373077796081,0.5109750541671058,0.7941821436397181,0.5627656189204817,0.7947324155593269,0.3624130437376583,0.5875348593172749,im_1022.png
0.6592162249361336,0.8053192402401844,0.6932072075176268,0.8341191985534612,0.6935666723920002,0.8360260164626041,0.4896207871736516,0.714637750677645,0.5093259948057459,0.769061235026474,0.5165957238541403,0.7718801612190882,0.3596289198489866,0.5581537693245662,im_1023.png
0.707427962291358,0.8355279031643298,0.7220791147813945,0.8553589857502141,0.7260250769869585,0.8665915660898416,0.5558428009161656,0.7527929157372318,0.554236168677623,0.8002528098738684,0.547202657060138,0.801750055308694,0.4434999523552946,0.6147425542391434,im_1024.png
0.6993920822211491,0.8198458440938443,0.7184911348783942,0.8443210892071751,0.7348375029914088,0.8641343333982767,0.5572709681344649,0.7868933826583852,0.6016217549459211,0.7740173871584445,0.5751302026281733,0.7960411277208883,0.38593115890861523,0.5956487717578556,im_1025.png
0.6929628232458913,0.799190592631711,0.7147045555912971,0.8436371730603794,0.7485351033630696,0.8585730836055775,0.5502860643994126,0.7276624427541538,0.5602156982906767,0.788158052068054,0.5445661974192005,0.7973467789058734,0.39170184572808636,0.6096306878499134,im_1026.png
0.636869949658832,0.823376101649569,0.6465939443882062,0.8570059653683882,0.6512130821809259,0.8471999456449375,0.6032607590996452,0.766359891917146,0.5802066394698389,0.7877579273948278,0.5789301251751078,0.8210226629239786,0.3266204361433123,0.6355375108586844,im_1027.png
0.6777717911040267,0.8028548160499318,0.7269516449622203,0.8438352572694398,0.7447176956885745,0.8538330758534624,0.49264396688436324,0.7256711088655371,0.5401391985078549,0.7924003352054885,0.5432022272304938,0.8147845365257251,0.4009602521345017,0.5817545340341101,im_1028.png
0.6668389336882478,0.8133048654973691,0.7082757495145798,0.8548058250587794,0.6337892612989984,0.8509489963065986,0.5756131137703723,0.7447255838166235,0.5698869290948227,0.7818244526830549,0.5848060280001889,0.7964855626229089,0.26733490990815545,0.5822512033132203,im_1029.png
0.7168245703681676,0.8205170088396682,0.770250757545263,0.856331332693193,0.7528598981874987,0.8541077930725696,0.5476219249520103,0.7544217423552083,0.5795034936735625,0.8036144530360658,0.5915133205501548,0.8185430836532525,0.38854858479036064,0.6328236860509303,im_1030.png
0.6316247702451752,0.8041412540148702,0.7251506731845883,0.8293513607968402,0.6840877567123197,0.8268962832412785,0.5215621993248115,0.7330462186102593,0.5226971528331962,0.7818427895549662,0.5286944557612094,0.7789426553208565,0.2599484069569038,0.5723283760868096,im_1031.png
0.719960222252991,0.8450931840698925,0.7676646076642151,0.8718094284644596,0.7679957591277928,0.8729318246095326,0.6193842762295941,0.8145282927666238,0.6150817371691175,0.8167720575341535,0.5957859599330436,0.8337930472696542,0.4109393117484761,0.6558618177012654,im_1032.png
0.7042756918616102,0.8263012462039324,0.7407707430808664,0.8500588449829899,0.7374765585039057,0.8593351237433441,0.5949786347685372,0.8003493185961057,0.5675322355697598,0.7967197128447736,0.5662549202838015,0.81430857734656,0.4341029842225718,0.6148156659498197,im_1033.png
0.7322259101761001,0.829058079933801,0.7626057713956951,0.8491224187663946,0.7721356575749804,0.8658846009723147,0.6179413632068865,0.8149602601109001,0.5602721222933795,0.7942231367648043,0.5412149320639795,0.7941155072253158,0.4062834615016049,0.5999052547534367,im_1034.png
0.702947724658363,0.8335765442642264,0.7640742942103445,0.8596403766883832,0.756357796139548,0.8743776306339449,0.5789557219236202,0.7929899340152465,0.5770464603562613,0.8000142783076338,0.567364430863089,0.8103114846538245,0.39952812343024124,0.5861617361450899,im_1035.png
0.6698111238166456,0.7826478119605821,0.7310727275526517,0.8407074154904797,0.7318155829979274,0.8498502836581869,0.5314624261546487,0.733472267780774,0.5433188933029975,0.7820709940150029,0.5318873577207418,0.7975839537213895,0.30898556037271924,0.5898361698126843,im_1036.png
0.7012652211772475,0.827116431167785,0.7541113475160015,0.8580497210774949,0.7631290486971842,0.8668987677661356,0.5387310452485937,0.7597198829096468,0.5346671698212363,0.797475016651532,0.5543710700117643,0.8171503477443243,0.4761115772198035,0.6251806045443367,im_1037.png
0.6900452222718845,0.8062154578141417,0.7508236693907568,0.8399012763530256,0.7445770551144032,0.8513547426121179,0.5365379415843273,0.7745740591278426,0.5390891711346117,0.7933350284550784,0.5512692413449789,0.8100911120991506,0.40767514802487037,0.6109327382491925,im_1038.png
0.6799952234761332,0.8159423887882623,0.71721368712518,0.8440271327353098,0.7395840963003932,0.8529688689176451,0.5357416167922765,0.7568376293369578,0.5441997609911993,0.785509729335501,0.5462146700074139,0.8030691523236945,0.4271972363967733,0.6058422570264032,im_1039.png
0.6649433963224131,0.7780192521409319,0.7047349259125163,0.8363773530885131,0.7238309162973269,0.8444068755479975,0.5218764619263646,0.7489105981229035,0.5307652561866951,0.7702014967762086,0.537701490441479,0.7926360527565114,0.4061560551767451,0.5877799336236076,im_1040.png
0.6966087036500671,0.7999982514309825,0.7523046696563893,0.8483953539597748,0.7540069581025386,0.8619074204427013,0.5566780541643257,0.7670816183279601,0.5953303373124113,0.7957253218757009,0.5962262106012544,0.8102474710147338,0.4840674107053142,0.613146387644058,im_1041.png
0.6824260373435362,0.8051281344190231,0.7439437799879058,0.8447431019441365,0.7785093293851046,0.862052394767664,0.524569024577341,0.7142744437318099,0.538799282946374,0.7782570021937107,0.5460195758738702,0.7877432621524374,0.37654550189148706,0.5952173098257129,im_1042.png
0.6602312729198048,0.7947208363376852,0.716545265902189,0.8426012695005255,0.7218074985334417,0.847586892929226,0.5031334020849695,0.7218779107937383,0.5430190682526995,0.7836290632622603,0.5685506553121029,0.8117598891808834,0.38338483288616604,0.6024353630106741,im_1043.png
0.6855459045599358,0.8110914269016449,0.7514792177804177,0.8603832630040631,0.7266010582997425,0.8568085505114786,0.5478009002074878,0.7530346425279969,0.5454444977915244,0.7730129879695143,0.5536664310149183,0.7948025632917468,0.4175022609084353,0.5979446483677605,im_1044.png
0.6966338300338675,0.8173075296265201,0.7572351805576581,0.8573708732996917,0.7526615506091626,0.8586162245415516,0.6027760905812886,0.783419574413815,0.5767378621996958,0.782599763098016,0.5620262653156582,0.7854014666132475,0.417826273815371,0.6463326864696207,im_1045.png
0.6799367419119333,0.8169618152587552,0.7525626581756226,0.8592523582418227,0.751328818278512,0.8664064046662587,0.5707060445150409,0.7835593159085542,0.5756604876454511,0.7893384624459497,0.55348640571038,0.8050107357802708,0.4210763037426916,0.6554055106839511,im_1046.png
0.7155077039623428,0.8262530559359686,0.7573981156043088,0.8567762114162392,0.734737506846013,0.8593049313378326,0.585740408250131,0.7719657681024156,0.5602658935138801,0.7883142799402566,0.5441789844420861,0.7965943884872659,0.40010986165121426,0.6237007893951395,im_1047.png
0.7163515514788041,0.8179898142629162,0.7406715044613096,0.8472338016623446,0.7566584272699689,0.8545259164205417,0.5594418768737962,0.7599638446940782,0.5599249004530017,0.797422856762519,0.5919165993006821,0.8134626300968056,0.4100678799142075,0.5948212666268772,im_1048.png
0.6824934545947337,0.8010457370881666,0.7317803626448015,0.8499645712105417,0.7371045398286756,0.8546157175676669,0.5352169792413045,0.7085869292689706,0.495740504899524,0.7728514656547408,0.5132515163176687,0.7944976090425752,0.41719523942668413,0.6039122230208555,im_1049.png
0.697277920336554,0.8007616727434509,0.7529725986489855,0.8449704404864783,0.7521830870290732,0.8507488956283971,0.5571957909997696,0.7564450448755974,0.5571825542096243,0.7935224219470379,0.5615657977768664,0.8141580133874076,0.47174292844211935,0.6535803119188988,im_1050.png
0.6830375486315626,0.8041819821582374,0.7391462534729428,0.8426345437025825,0.7355032250898669,0.8452724109901396,0.5419783889428066,0.7541648400630921,0.5519714288241253,0.786607269460706,0.5262625055642564,0.8042947481194473,0.4087571187397365,0.5800951060896438,im_1051.png
0.7217504467562674,0.8302501127066474,0.7682741334956563,0.8614800550636087,0.7627153461823091,0.8661830477397565,0.590999841378481,0.7760097900860716,0.5566664069937509,0.788234369677759,0.5473230247510773,0.8041511707190642,0.3997461177174245,0.5741443310620639,im_1052.png
0.6999674907498308,0.8083555295562549,0.783901212595688,0.8569902561806035,0.7677715628888994,0.8484076181952446,0.5961853565110885,0.809475391796091,0.5953203003957813,0.7884234103331612,0.5976664346013832,0.7960691823674952,0.3270308823782061,0.5800393438482242,im_1053.png
0.6969385809323828,0.8138912268665831,0.751774197467669,0.8440557849898781,0.758598910387324,0.8567010386767191,0.5649324768582576,0.7769556963055572,0.5171559576075784,0.7891440183761774,0.5176520715517781,0.7946073898350409,0.3636021056078316,0.5619379527480064,im_1054.png
0.6602963896146962,0.785922764834878,0.7571076992573472,0.8165784115611825,0.729094242911974,0.8077832295151375,0.5469234865788161,0.710172849073047,0.5656017964815383,0.7550268504712011,0.5668774516960193,0.7464891025999311,0.3467729659437202,0.5471230240824335,im_1055.png
0.6608125218947632,0.809316668504608,0.7245010276318207,0.8432759896331066,0.7266151808817641,0.8580286099445544,0.5002451793781852,0.721658412445807,0.5369381287367612,0.7776519001895104,0.5314958554043324,0.7797026930618202,0.35021170882615454,0.5573198490852641,im_1056.png
0.6530746635821165,0.8018294443527997,0.6914529517251486,0.8431954289288722,0.7126708182947398,0.840162044691632,0.49661941807248705,0.754069163143959,0.5228262531608505,0.7611277810961674,0.542086470434595,0.7695964735711456,0.2521490889659408,0.5133163815914922,im_1057.png
0.6756456214753294,0.8054389326318155,0.716541298876175,0.8360522436678253,0.7137331296624858,0.8450496258589301,0.5223346173495184,0.7331849772255629,0.5520534672180948,0.7690011929687415,0.5382751662795942,0.7707706312928191,0.3748870355961932,0.5524957487014616,im_1058.png
0.6892165155809626,0.8085706912248192,0.7322287349837947,0.8474624150742037,0.7426290966347898,0.8540548498094154,0.5540578875477875,0.7702559454735125,0.5672363877218621,0.7662251370542973,0.5738454519811282,0.7746943553224911,0.1884716779560752,0.49173831963727593,im_1059.png
0.684678071695776,0.8113521077872249,0.7434443781983953,0.8555400171554691,0.7412757562478285,0.8698079309114761,0.5247050230923838,0.730141718937477,0.5931069542860226,0.7993936724304425,0.558246704445443,0.8228892047504873,0.4264089733612611,0.6175085579947102,im_1060.png
0.6487943452076008,0.7969751065441227,0.6964845646477549,0.8334185457309474,0.737061077921377,0.8516725689979641,0.5132706479242228,0.7438261819699626,0.5592481884392952,0.7770521135266574,0.5350542888144314,0.7987426845044507,0.3825970201816998,0.6018715785915925,im_1061.png
0.7065010227643942,0.8049233156530272,0.761676977976828,0.8457232798739979,0.7746789787120154,0.8607003891403728,0.5695719145599422,0.7721379538480674,0.6012931628261755,0.795902717698963,0.5964750512796932,0.8164351220002207,0.3460634203619961,0.6235770101675108,im_1062.png
0.667813075120351,0.8109758953579962,0.7278727056935982,0.8592173768853837,0.7461543879866067,0.8560234205510666,0.5227215927919858,0.7612533041709583,0.582438723198448,0.7913133595158043,0.5692815917691825,0.7987750042314838,0.3956256562498854,0.6309210542641854,im_1063.png
0.7076095385646368,0.8252126522638055,0.7683167439114336,0.8663101319975043,0.7530497986253735,0.8622562485152904,0.5656402102592344,0.783801695862063,0.5501130884814759,0.7973770268427204,0.5458998455492442,0.800041469059075,0.37777941256479763,0.6026257852170542,im_1064.png
0.7278330380346716,0.8326019545826797,0.7712889679343544,0.8716169219470123,0.7648871389002716,0.8718967444587534,0.59923452177826,0.8124260531402175,0.5760305277877453,0.8042851466198974,0.568383200015485,0.8235327834253582,0.4597721965014074,0.6300443345942496,im_1065.png
0.7497158296586244,0.8414221413457899,0.7951923133866522,0.8608164026181174,0.805268606178984,0.868564040162982,0.6258300316857799,0.8217273917881042,0.5895556156855759,0.8176777751187713,0.5828063761294383,0.8104212198562758,0.4722759768715451,0.6163778338427672,im_1066.png
0.7209946819114126,0.8399148370187708,0.7811265042409974,0.8777185242073943,0.7826351431097452,0.8815682125918284,0.6373539294595914,0.8310034362320432,0.6181589261216963,0.8237396620368846,0.6087391305987867,0.8276263597135672,0.4853497218932121,0.6453252907008422,im_1067.png
0.7109756070889136,0.8348847071702797,0.7793220630155002,0.8616671342660646,0.774748800177224,0.863581322308417,0.5968209220941624,0.7948277227261471,0.5518361230622403,0.7970371447652109,0.5506890298341481,0.7972009131051528,0.3653287081465966,0.5815358148766088,im_1068.png
0.624569395705089,0.8278115719220489,0.7115928809030133,0.8579959735614118,0.7095579881456652,0.8611242689045285,0.5382854436170736,0.8227438523195216,0.5126801853250956,0.8009473562884555,0.5237455718529184,0.8130672580578321,0.2211672635058756,0.560527802764092,im_1069.png
0.7023332611289397,0.8228514401398668,0.7620027967922917,0.852650408893708,0.7685040974042568,0.8596895721682178,0.5681320976581572,0.7707483978106829,0.5163956428834677,0.7937268943835816,0.5445867436275643,0.7918128625212432,0.38005953531302006,0.5848285975227833,im_1070.png
0.6288388217339458,0.8048465627457083,0.6771825654695507,0.8462097243335627,0.7086088921524647,0.8454275507456304,0.572852002898862,0.7904176002284531,0.49807101139973053,0.7900593576074337,0.5546854629641699,0.7885083335851031,0.1597297751671174,0.5518204962624403,im_1071.png
0.6821809408426824,0.8202900188326677,0.7193479309113202,0.8455216201839783,0.7325890705333551,0.8600436605374582,0.5401295805626269,0.7781180645456481,0.5564578716422954,0.7862204977218011,0.5334717818088872,0.7965202804504945,0.33567391574693917,0.5962688051900644,im_1072.png
0.6361778999947612,0.7887318950792136,0.6151485936269737,0.8170334431420053,0.6188503445551023,0.8067132758768429,0.5729143070138896,0.7724337976103295,0.5195642586779452,0.7772168701594889,0.5204759946637421,0.8000947308623841,0.2824913348647739,0.5110521693262883,im_1073.png
0.7135382608623211,0.8336125613138662,0.7559237048501561,0.8533913172635532,0.7557072616691457,0.8640322900328226,0.5895151035142298,0.8082926261214218,0.5605526858726926,0.8014412206575102,0.5771105009572729,0.8019533384818824,0.40436198635218734,0.6116066598980731,im_1074.png
0.6659746697674812,0.8368917380986179,0.7251923784549209,0.8519994160813307,0.7091540809307997,0.8598597347223966,0.5726147839170262,0.7779011646027209,0.5337489489431659,0.7975588753857861,0.5349646480071444,0.8012517646163304,0.38939017960118694,0.6459144428258844,im_1075.png
0.670893379591406,0.7911759605012555,0.6980440102873189,0.8328146036165467,0.7075697747698988,0.842220125978995,0.5224312940756216,0.7255847668276747,0.49213543732480064,0.7708200621385738,0.5168741613480894,0.785881340252314,0.41290279786530837,0.6045492328621552,im_1076.png
0.6285070147022966,0.7841222020641851,0.6499073750285821,0.8136931889171649,0.6736555636295618,0.8188230571525631,0.5030525812209351,0.7267661539027779,0.5138387681086073,0.7573770230561225,0.5463262842881866,0.7602384948009754,0.2814090624219488,0.6205663210709254,im_1077.png
0.6470348598570027,0.8171381324943756,0.6832104698889755,0.8478724795237037,0.7110650347064233,0.8565360705487862,0.532437466525488,0.7539688500453535,0.5178460970213506,0.7906611736668547,0.5508684144018441,0.7983402408025222,0.37125182297338544,0.6353071136901096,im_1078.png
0.6675016447740647,0.8069938972359856,0.7519742169449342,0.8451698272954116,0.7192506316385021,0.8510109678814365,0.5794369041786317,0.7487634851330377,0.6133384505135657,0.7835470740408621,0.6447136951388184,0.808058555361218,0.2322131323929665,0.5615759178176164,im_1079.png
0.6643478400362788,0.8218879149884608,0.6977785612009622,0.8460603247403662,0.7490982847505184,0.8539457542267418,0.6521014910570521,0.8297043599151268,0.5795820687147558,0.8035569032452687,0.5886753406107726,0.8129181672151111,0.5571987941164083,0.7264490052970252,im_1080.png
0.7797487405902543,0.8492315079055992,0.7356198604886608,0.8800375315700637,0.8006615471245755,0.8979390076694039,0.6770965375639184,0.8430512330010466,0.6120677609135324,0.830400541352249,0.5852678574477298,0.832336353953424,0.45979581653241247,0.671329518448629,im_1081.png
0.70954777661273,0.8289252962795567,0.7434213852618502,0.8710986117043746,0.7136444092262471,0.8535051002031481,0.692913808218939,0.8474990220690938,0.574101112393113,0.7878908423489509,0.5980712467560826,0.7870998536572585,0.5962087095294009,0.7334198086994512,im_1082.png
0.725655375544352,0.8349899902582048,0.769241903691057,0.8709479016274143,0.7449288349205263,0.8676256355896756,0.6589221511112644,0.8376886965244856,0.6291049273050233,0.8144659962713524,0.5929871240398663,0.82270259430796,0.5783114119582595,0.7087023132792157,im_1083.png
0.6810555645039388,0.798363283560301,0.7197255258432678,0.8371316428817888,0.7554633678421031,0.8523238809141221,0.5412800396178902,0.754109059557667,0.5540460781215102,0.7826258405536552,0.5640070369996647,0.7998343171499237,0.45602526455931425,0.6144478159613308,im_1084.png
0.6816915512371976,0.8253521188397607,0.7259928822238695,0.8311078357453945,0.7268114683147836,0.8436534039392138,0.542701245719766,0.7771006811659706,0.550763973377484,0.7962588948502385,0.5280839821913927,0.819396601562203,0.3310979428261415,0.5945149311962784,im_1085.png
0.6752422036297928,0.8006045718698237,0.6969151268414987,0.8353698374765269,0.6990765453544734,0.8413719519900597,0.5090658351212021,0.7229094444481844,0.545202960435234,0.7794110335946542,0.548524597259818,0.792441709682706,0.4154698089508736,0.5859054547608836,im_1086.png
0.5805874982847722,0.8020647494561588,0.6671570470545424,0.8273276780661576,0.7161422746306753,0.8249670759080554,0.4688302446838719,0.7232764076896674,0.4221483360061767,0.7474243753553886,0.5014236416244162,0.7671063043836454,0.22855015974210055,0.5280789100257501,im_1087.png
0.6575317379117622,0.8099751367766033,0.7047103848718381,0.8427710465835542,0.7088352723716288,0.8503601679898045,0.5290307380236434,0.7337046839659929,0.5435063260916254,0.7829154362514125,0.5352799151679452,0.8009442980846886,0.3854339715243395,0.5786215312911095,im_1088.png
0.7128292155281033,0.8263077682058565,0.7307940048004488,0.8516848034275244,0.7213123246352058,0.8517141134835452,0.5734049455307493,0.7546417833007905,0.5747742497289284,0.7835034024223856,0.5562118128456158,0.8019261122690436,0.4619581851291639,0.6268716632343116,im_1089.png
0.7049858875482045,0.8178582606845782,0.7274948502399909,0.8431692466475145,0.7352094755480211,0.8515950753309682,0.5564374450702709,0.7713922797183106,0.5678853912544716,0.8003525116484007,0.5457938723172846,0.8192489163721739,0.42521291692402474,0.6240110092804517,im_1090.png
0.6971875261032627,0.820993050240776,0.7269503017811216,0.8487856076296375,0.7253686667385314,0.8565974446184959,0.5648093812905485,0.7785722818597471,0.5800216370290726,0.7903509207064797,0.5437606110652816,0.8051689673326419,0.4809217690756267,0.6270705596486665,im_1091.png
0.7035063663986331,0.832711339717879,0.765495856525077,0.8626295875963557,0.7681115378028337,0.8652600041542434,0.5835322866764922,0.796901609200748,0.5670990014851578,0.7996943719215093,0.5410307092432387,0.8038889785513925,0.43936090696063707,0.6010152533658606,im_1092.png
0.7374086275839099,0.8401406163404299,0.7896509524659605,0.8715444076335584,0.7738389755514334,0.8714122679646826,0.6021494174659804,0.8082099391192573,0.6073930106561127,0.8077915628288126,0.5430225266460028,0.8142073367340036,0.4557665704658856,0.6290508553815326,im_1093.png
0.6699284033265471,0.8145975463234417,0.7187419045474227,0.8544874359848814,0.718560231536638,0.8449689967549651,0.5470900177367279,0.7697074125637839,0.5390682658329259,0.7834627612522018,0.5360432104736005,0.7845420651551237,0.33048516520571514,0.5764622553603458,im_1094.png
0.7306850599690287,0.8320859048162471,0.7557130356116635,0.8678194538842141,0.7708291822857737,0.8649823866446688,0.6269388190469578,0.8328828933151423,0.5617199953939375,0.8008852821513183,0.5400625539606433,0.8027282667803414,0.4377804188857206,0.6074763994253779,im_1095.png
0.709332047920462,0.8223206232149524,0.7704865825132934,0.8592992749927091,0.7715255471280882,0.8698894805634506,0.5642774142503681,0.7911750457430198,0.5897610459827515,0.7979372997411366,0.5529916915162648,0.8043476494530015,0.4009893982999605,0.600586404302285,im_1096.png
0.717162923118126,0.8284260317597545,0.7618675116320781,0.8586257211321976,0.7670596230419658,0.8629665936159993,0.6002064669546038,0.7824331846980378,0.6030202888450802,0.8092935191521251,0.5889977681129874,0.8128102031598133,0.46653267891529754,0.6176486636142906,im_1097.png
0.6947106871324962,0.8257963152663091,0.7502774846380094,0.8553281709634526,0.7454077510608037,0.8585774004263838,0.5855923438064136,0.8096068426419845,0.575817512867608,0.8046067649179942,0.5341006834497941,0.8047692499559213,0.4333841808080871,0.6104286398335993,im_1098.png
0.7057773371666075,0.826968963469553,0.7600811916617558,0.859085011489488,0.7646223037635674,0.8622697591773023,0.5719347833250725,0.7794234866341748,0.5706188477501108,0.7940214213463086,0.5456951821967103,0.7911206195489208,0.4109760163948388,0.5865167121836096,im_1099.png
0.6876875375453052,0.8146205604240436,0.709841862683661,0.8331621737324604,0.7074423889319931,0.8357585393168458,0.5080790917985145,0.7248940748803233,0.5400425092491512,0.7794961590331895,0.5339785980821271,0.7795957253731178,0.38288783840115953,0.554880495125247,im_1100.png
0.6865485258821263,0.8167101681714672,0.7041650182051199,0.8315732799720638,0.7132222121223035,0.8440128834280223,0.5204667180912601,0.7374030230006362,0.5246209092563251,0.7825314933359029,0.5240581301832845,0.782552187350471,0.33713921061277174,0.5402686213819115,im_1101.png
0.7027564835618751,0.8156524648116101,0.7225229230630796,0.8287324067848097,0.7301079903173663,0.8471809429276723,0.5072981066694694,0.7513172763100794,0.5585053071146607,0.7824513835460045,0.5513647270867857,0.7832218749276699,0.35016304694155137,0.5313713825989229,im_1102.png
0.6863606381189229,0.8111887838163774,0.7122322521879461,0.8275312744635062,0.7394689963470523,0.8433731292807563,0.5076186687622226,0.7275482184994821,0.516255314140121,0.7770687227938545,0.5192727306132618,0.7827482893976404,0.33026558192092353,0.5666024552229812,im_1103.png
0.6817694856538659,0.823738907246622,0.7462116610028191,0.8573157587237321,0.7315267915604199,0.8574903414607031,0.5784794554877002,0.7850831521584443,0.5709739277831151,0.8033216183829079,0.551170167578231,0.8149531296075776,0.35684247241226696,0.5763490744446854,im_1104.png
0.7129814675772518,0.8370841352127224,0.7804081804202345,0.8626208078602635,0.7948193722185382,0.8714641295812695,0.6029696664783,0.8019267467855601,0.5823490427555733,0.8100313735925039,0.5700781617835247,0.8148788626809645,0.3846583144323403,0.58294381667054,im_1105.png
0.6909893401980864,0.8304478295753777,0.7471053504841878,0.8630199377268077,0.7668212725988851,0.8712271770136666,0.5935018180521358,0.8129647987222423,0.5649600528135692,0.8080693840494542,0.5628186788780768,0.8243027883915236,0.40325449261745944,0.5986231444083677,im_1106.png
0.7180286968096727,0.8292584595001422,0.7690748685615254,0.8524612279762572,0.7732638180738726,0.8617317083256022,0.5496368237788632,0.7683212150518294,0.5536038845423148,0.786456314770585,0.5398490879219312,0.7865140403196742,0.4015350916420544,0.5878065672759346,im_1107.png
0.7097129545834755,0.8334531303217709,0.7975301477464506,0.8639003273907976,0.7899804014724389,0.8701360456426124,0.6216356608537107,0.8125453700398844,0.5749143254983893,0.7988722963055193,0.5674648767658244,0.8062631257725563,0.43171738227596174,0.6114567240899503,im_1108.png
0.6931749659300969,0.820274843604557,0.7702567975617617,0.867750324944385,0.7772732202956776,0.867362025311732,0.6063931703653678,0.7940818501110583,0.5783325228344205,0.803494344066856,0.5524329621265606,0.8012815840050727,0.4473578134123718,0.6172894403113361,im_1109.png
0.6911408787317678,0.8261112363129073,0.7585385184578706,0.8635868967420942,0.7567701519235692,0.8713395876023984,0.5516763093304115,0.8179871563300267,0.5873521367170212,0.809497763708472,0.5613409052627006,0.8196567155479997,0.468670478700175,0.6232592845009802,im_1110.png
0.699279901251063,0.8259613236288005,0.7863957383026157,0.865279925825814,0.7912058333460497,0.8712032602634806,0.6013145919908551,0.8140110924948434,0.5878008944424655,0.8080043952026885,0.5847792751469065,0.8200728782064007,0.4378682197494573,0.6277716543645654,im_1111.png
0.7159292121203754,0.8072153047032021,0.7234791157775508,0.8485300627080614,0.7100744437280189,0.8065344647633609,0.6776050920600148,0.8426893375379211,0.49494348283697476,0.75603847855452,0.5679949993032241,0.7606818581078253,0.624249631491275,0.715634123994128,im_1112.png
0.7880163843990597,0.8142178047101363,0.814197717012577,0.8626386531913184,0.8005009808490845,0.8360704753272975,0.641526828393196,0.7797518212805917,0.46443685564920534,0.71637688270643,0.6218397880207994,0.7344727691885057,0.7234879102772579,0.7228572969372732,im_1113.png
0.709793072552139,0.7942955835560113,0.7458207788320891,0.8589310260045806,0.6800074732141694,0.7509787044681936,0.5689754625595225,0.7765330446783477,0.5022981872442097,0.7526611444431338,0.482290421634645,0.7289178648402582,0.5247406842003479,0.6684311105691001,im_1114.png
0.7267759714661052,0.7983860472696278,0.7582244165577522,0.8686616733721902,0.73025532997599,0.805716898392245,0.6121896230432695,0.8106524126383353,0.3028298040392781,0.7430410399569765,0.5726446549488274,0.7174110102664004,0.5775532019099308,0.7227574666523973,im_1115.png
0.647708956045079,0.820555761121089,0.7070634838557102,0.8521368834223363,0.7143380696950734,0.8533688841278035,0.516595005902218,0.708256857795109,0.5291229798124131,0.7833186806889018,0.5212105214720918,0.7989874266835308,0.395631988984555,0.5893955172594887,im_1116.png
0.611589816999821,0.80145569985905,0.6393245388609358,0.8549610306697986,0.6788992717594909,0.8547879152212023,0.48935344045473866,0.7157112842103974,0.47339186201720107,0.7526713646367859,0.5090139954784143,0.7918321427988393,0.24966422756332668,0.534098157907361,im_1117.png
0.6196540281183575,0.7838531385710537,0.6965580402329643,0.8339040793480693,0.6925405239724571,0.8433998905942638,0.5121319550612818,0.73155112840006,0.4869792234779691,0.7677485534887154,0.5139708104583667,0.7913657641223915,0.33914677276777505,0.5698875988745687,im_1118.png
0.7404956199464434,0.8306516497213171,0.7835410489889006,0.8604788456801827,0.7246426675301908,0.8513126359840929,0.564998088725793,0.759191543556947,0.5379923207404658,0.7871066989587896,0.5984879553000062,0.7919067856799035,0.28942273770185273,0.5522064832426461,im_1119.png
0.6888039210268241,0.8176852272613581,0.7618227462212962,0.8506883180882077,0.7714468906134802,0.8530344150047285,0.5746265326105133,0.7671877234153801,0.541080351823855,0.7774743774754288,0.5320593634366645,0.7801736664770371,0.36272536121024823,0.5847968643171266,im_1120.png
0.7031641296395554,0.834748652840227,0.7578752876169303,0.8596624295418218,0.7738232179671876,0.8694046201977873,0.5666383048933892,0.7830574324356298,0.5271903987671592,0.8084858231816499,0.5291155660153497,0.8066118286450563,0.3841621243240636,0.6106364110469714,im_1121.png
0.7134371104671097,0.8344999060063131,0.7713968842098761,0.8618500060642986,0.7903252057225236,0.869605399087524,0.5986100232108311,0.798609973573353,0.5764182230104431,0.8045464615263823,0.5465822088383059,0.8146285896676198,0.42412021047465254,0.5881431440420528,im_1122.png
0.7011801261002786,0.8300855644353817,0.7484785951056153,0.863760115656219,0.7519360427400932,0.8699996479704738,0.5977513032710796,0.7908457383598121,0.5370127558963692,0.7893777456419255,0.5554027318082693,0.7963921100757572,0.35656826951105797,0.5727405514672,im_1123.png
0.6984359926711573,0.8176454707089176,0.7593852181566435,0.8628601887775696,0.7717210694912608,0.8733269625229162,0.5229777012778507,0.734000184502909,0.5940140005013866,0.7954862493679313,0.6000813508084197,0.8117790921385966,0.42008751853737375,0.6126092973374673,im_1124.png
0.7273394686526953,0.8358939600192059,0.7884151527621152,0.8528532605461666,0.7761195799008688,0.8661878599036332,0.5805443713846388,0.7680079763181751,0.5743599945754306,0.7943535927027594,0.6327840307513406,0.8105863732472233,0.32634229851825847,0.5687166867690367,im_1125.png
0.6693124545853639,0.8065628752295197,0.7249719997764078,0.8400662007562943,0.7200918747531703,0.8411997193226417,0.5328211898153954,0.7615296108837148,0.5166820388938969,0.7868704250654471,0.5492110726333972,0.8006695129533732,0.4456975248862512,0.6166925119656901,im_1126.png
0.6327840135446937,0.7740306206145804,0.6909966108444303,0.8100555260618568,0.6710416609957681,0.821313473725867,0.4722889188091903,0.7346996575484341,0.5356215729601366,0.7470841437954049,0.5352237149752929,0.7675575326458546,0.3554036520248273,0.5252001178939141,im_1127.png
0.6660843251782089,0.8037467073510793,0.6980273953581358,0.8158958172355508,0.7144467583013538,0.8372333490045915,0.5047309829371501,0.7232535941538245,0.5198319167520137,0.7703956376220397,0.5482342660214303,0.7663452528357096,0.43843224683951126,0.602047148096112,im_1128.png
0.6563641793530295,0.7945485539133326,0.7029879781907566,0.8272629628899694,0.7141688786017959,0.8387106430857378,0.49711426978367423,0.7286782988648529,0.5189000503206939,0.761641971856049,0.539136883928703,0.7698606272991568,0.3774543470803014,0.5847770977426446,im_1129.png
0.6511937544627716,0.8254817502010428,0.6998106077247903,0.8401113234584154,0.7104208957350971,0.8545977878081857,0.49206499135712356,0.7325237674479114,0.55087221761013,0.7947087405946819,0.5346948380275992,0.7956257016628883,0.41736070656374297,0.6020755386816986,im_1130.png
0.6529564437783366,0.809887000582069,0.7131792131803205,0.8362392338531045,0.7168924774943727,0.8487874142671464,0.48620819154434086,0.718081523952273,0.5192965270171165,0.7774137564086206,0.5281249841170356,0.7904095988669447,0.4027386641799363,0.6121284859823163,im_1131.png
0.7145831313303364,0.8261196620887528,0.7408269025365666,0.8528654982224733,0.7445348664689254,0.8633489750530762,0.5853801954937918,0.7954808404722135,0.5537481755529694,0.78871932696772,0.5578790370675352,0.7995523772900894,0.37308422752442305,0.5481889364278384,im_1132.png
0.7228424189662864,0.8324218285924079,0.7401538953034689,0.8562298933049762,0.7561364858403792,0.8666079574851241,0.5693117142778954,0.7892681518969717,0.5540081223468898,0.7950636904956857,0.5306607734222749,0.8032323419495827,0.3680337757492191,0.5543713637329842,im_1133.png
0.6669743578168812,0.8275789509270324,0.7181418502778005,0.8531983519035913,0.7258073028627338,0.8531878032080205,0.5437763392489555,0.7921333420427819,0.5277353588518445,0.8014352091033741,0.5227228910861232,0.8005525204376616,0.26334514464300457,0.5784691734069615,im_1134.png
0.6858869594510832,0.8271245744806296,0.7356823325961522,0.8542468540430884,0.7552354778701534,0.8606798289712212,0.5744133276146509,0.8141931094545303,0.550455047741139,0.8035716541186043,0.5245643542574553,0.7975192972036117,0.3890080404164473,0.6030016514466635,im_1135.png
0.7060859948669816,0.8134056260620566,0.7408439500129061,0.8441098003680155,0.7548715653372281,0.8549947957305746,0.5336552636840196,0.7406835429211243,0.579367095233348,0.7978145995953115,0.5633180050862154,0.8098851381954894,0.4679907622330268,0.636255020218294,im_1136.png
0.6252479828092244,0.8205382111230214,0.7260562177015627,0.8532067332922871,0.7332923042796204,0.8558453149509923,0.4957812775230776,0.7708208127527548,0.503268850990147,0.7882129064028154,0.5423968404271508,0.7959196575207129,0.3287278392367999,0.535062497167828,im_1137.png
0.6820251810812827,0.8147314276577394,0.7194948215221365,0.853260142103499,0.7326215798126361,0.8610072815725308,0.5279344311667646,0.7379884652300279,0.5433749121540499,0.7920527620038943,0.5576463369623174,0.817436762519464,0.40339028376558134,0.59070482893321,im_1138.png
0.6314494360951487,0.761287919063513,0.6805164365937107,0.792919274732918,0.6686097210052695,0.8070081109719835,0.48229919912114805,0.7244871880788799,0.47675405310012897,0.7453348999478876,0.4947558571206377,0.7723276043423476,0.26088984223222217,0.5811012292915998,im_1139.png
0.7068446314055662,0.8229897848226215,0.7317745635164131,0.8449866549930112,0.7393104691420103,0.8570030360180957,0.544941398525577,0.7463725753326805,0.5322013338961828,0.7881982445860102,0.52668322041057,0.8013611917053245,0.34995734276605817,0.6113412016779708,im_1140.png
0.7215825350593972,0.8260213569430338,0.7422143860911897,0.8449239435178911,0.7506395519418037,0.8469099394180121,0.5757476386071573,0.7446040678731851,0.5730199348892612,0.7895219755528277,0.579631446134793,0.8049962334472677,0.4422042730530528,0.5957548348693967,im_1141.png
0.65309378054594,0.7892277773156039,0.7491376476224221,0.8395928402479502,0.7341919490909462,0.8449961143996708,0.5186367023540309,0.7305393000754242,0.506710071150276,0.7720740662478592,0.5250509351267176,0.7786905343593,0.35037021926176193,0.5539061462249918,im_1142.png
0.7335170202528725,0.8293554997763464,0.7739162788272126,0.8568581142495909,0.7783514342921924,0.8562682965304651,0.5380924205194598,0.7590454500225245,0.6039892020095843,0.797808533565194,0.5913191525762055,0.8144283936797196,0.40893865665979057,0.5895664049462503,im_1143.png
0.8301886792452831,0.86,0.7857142857142857,0.9361702127659575,0.7818181818181819,0.9090909090909091,0.25287356321839083,0.5441176470588235,0.7213114754098361,0.6984126984126984,0.7857142857142857,0.8478260869565217,0.8888888888888888,0.7777777777777778,im_1144.png
0.7406930226555386,0.8309017733620357,0.7936924630225584,0.8703388378056904,0.7980773756501578,0.8842402622652491,0.6209388884831774,0.7908079485722748,0.6588672351702097,0.8117718245033508,0.6413543474417174,0.8078390319931076,0.44659009260631877,0.6594158195014336,im_1145.png
0.6598218866363635,0.7283161785219604,0.6463428470489019,0.7132823665005802,0.6607971245157106,0.7460579156653798,0.5473828408282224,0.8010442720394949,0.5268807655293722,0.7849265007879739,0.6499802213579514,0.7921061400626995,0.47124619446192445,0.5559528257970093,im_1146.png
0.6835445467127591,0.8208663804254613,0.7271588679461625,0.8371263409487746,0.7450803627883712,0.8524560767052239,0.5604303080975839,0.7777620532028416,0.565511118695803,0.8085954745649693,0.5821368934446021,0.8222471719772904,0.4651720704485635,0.6581796961774848,im_1147.png
0.664339049981554,0.8134814772634412,0.7400627160285014,0.8560677905548052,0.7528335340887666,0.8596339870575063,0.5670730154208914,0.775177870303371,0.5566684110537234,0.7968099088107512,0.5097139546070837,0.8012868474301829,0.33561928424016313,0.5787431771552807,im_1148.png
0.6856196865749027,0.8154211050061558,0.734042791827942,0.8502445758424061,0.7490103241475053,0.8633732808602829,0.5677005573002986,0.7811716087079833,0.5537933693628673,0.7864435596207888,0.5499687958121523,0.7822753219546972,0.34016610619619747,0.5557162584840961,im_1149.png
0.687722638251995,0.800872157944781,0.7444932144621076,0.8481928942480192,0.7310397869719171,0.8583985888255694,0.5742182174746202,0.7777446389212561,0.5674313489481444,0.7944598219219864,0.5647496819469894,0.8040027841756708,0.38445244798662115,0.582544472866249,im_1150.png
0.7081006383862962,0.8190042123142852,0.7480656619445886,0.8603837919262787,0.7546241637333051,0.8665670346363543,0.5619337316240487,0.7813223043542075,0.5670790943201264,0.7835068446858606,0.5367113555297074,0.7970415615012668,0.3558755131878132,0.5785446306853409,im_1151.png
0.7085377639530288,0.8187570038495868,0.7524641151062066,0.8542909836948934,0.766580807700936,0.8631349502213685,0.5140113021402353,0.7433876665636487,0.5394160579619909,0.7552222610744401,0.5406548405425688,0.7721289166249412,0.28332542188104365,0.6095476403731147,im_1152.png
0.685597519804702,0.804902935172762,0.7255844689899635,0.8329049184609448,0.7463968136180192,0.8461405845168709,0.5260526503956721,0.7221694175994708,0.502251173096536,0.7721638277227548,0.5038513165237605,0.7824794387230765,0.3500478496751394,0.5438440806129013,im_1153.png
0.6834399637555216,0.8092077107305355,0.7080571958651286,0.8311438886237527,0.718089799916162,0.8432679785936573,0.5063476661122364,0.7520706208293344,0.5158782765864557,0.76666659352396,0.5361298403215315,0.7855499238523365,0.2378535406705559,0.5598186903259788,im_1154.png
0.663560630455406,0.8032109785889556,0.7161047664694993,0.8386920320743908,0.7241914288111779,0.84817861009186,0.5215138864991772,0.7353241148555686,0.5066327737955899,0.7959045883607454,0.5323451712365692,0.8021073198167896,0.3184386380187251,0.5756154098587356,im_1155.png
0.6747957203157877,0.818702267952608,0.7083299210547542,0.8394935161391444,0.713619281459907,0.8527088614649673,0.5357156522029253,0.7475593644453432,0.5283953995900927,0.8038618429206612,0.5233651667594968,0.8210903449047902,0.46234007803850663,0.6024501251528795,im_1156.png
0.7086449619307351,0.8353926205019382,0.7260891238610024,0.8383927959613713,0.7275683336088146,0.8392676198406571,0.557992214224142,0.760635995101962,0.5771994397260194,0.7746346669722253,0.5645917360115257,0.7901009357955806,0.3185006468068059,0.5919578439516224,im_1157.png
0.6704008928275363,0.815082260802249,0.6964905385143219,0.85043384597633,0.7141124578060276,0.8548331130235797,0.5235746206092579,0.768533092027076,0.4915762592133408,0.7858127686973514,0.5065368994588462,0.8007693691326754,0.4044918446969217,0.6487054658562723,im_1158.png
0.6240176629802237,0.775095846024524,0.6703881515428867,0.8224476710703396,0.6743312993629953,0.8129144883274085,0.46837615126378745,0.712542733558844,0.4918245927175554,0.750386729909307,0.4806012550492785,0.7587164758575099,0.21362146010340424,0.5559715370806879,im_1159.png
0.6737113439907481,0.7948365565446566,0.7100071568453334,0.8260363415144586,0.7250004653847197,0.8419346122747504,0.5376246212816291,0.7386752789632433,0.46928403717816913,0.7756401184525321,0.5010537938233155,0.7876592060755715,0.36489299188121177,0.5894846948478639,im_1160.png
0.6569936724572091,0.7956878311416705,0.6159797536307878,0.7939090485508163,0.6468019274744841,0.8250029873997824,0.6437780668508665,0.7977343175953968,0.6612934441796634,0.7845403209647868,0.5975252335604432,0.7897834153378911,0.49127644877881743,0.6813040922408464,im_1161.png
0.6814850987791506,0.8064365533588477,0.7287356363688484,0.8424459261829546,0.7484166011987889,0.8489716463124765,0.538597303884714,0.7662329265964004,0.5685297839494448,0.7950257045225909,0.5514109534916929,0.8134355080972766,0.427659325422644,0.5975266978972669,im_1162.png
0.589757891227389,0.7549507812080216,0.6726089613827163,0.8157373866625037,0.6477061695293491,0.8136341232731766,0.5572398545367284,0.7608320017080014,0.514936193633277,0.7886077822511524,0.5583584705024226,0.7887568587695168,0.3254903924839585,0.5920072771588395,im_1163.png
0.6450986933363616,0.8006061104927438,0.6671833239658364,0.8362995139014618,0.7138841043776974,0.8526294133701707,0.5129906662958956,0.7285046016670707,0.5203106850043504,0.7858478661794216,0.5446310297260625,0.8006343206827002,0.40301326176004487,0.5881228975294182,im_1164.png
0.6631885028997861,0.7806075205649842,0.6384800418818101,0.8072761346431002,0.7054180307435389,0.8339833871775033,0.5542403969184984,0.7068146176572797,0.5656566674012636,0.7785864305891346,0.5381976153036157,0.7963470869856548,0.34977719452675154,0.5803729834291896,im_1165.png
0.6967797166202219,0.8186594870905949,0.754546814436586,0.862783342901712,0.7456399680986782,0.8714048015934603,0.538727234570027,0.7125371225339872,0.5660606014466308,0.8086240867720828,0.5546089737006185,0.8272882940448206,0.44357527720458345,0.6474501140737341,im_1166.png
0.7147307727514987,0.798363212053255,0.7494917192293432,0.8299638698131898,0.7399006126636626,0.8501608800655284,0.5727272079068861,0.7470911316601182,0.5849055247472765,0.7897993151869813,0.5373247965823322,0.8104449278788298,0.320629010089066,0.5745911027726947,im_1167.png
0.6957851492443122,0.8088511756076737,0.719059689894591,0.8284537965133268,0.7322577924778906,0.8472435526825857,0.5335013264667156,0.737041804337881,0.5429290349857172,0.7791437372275384,0.5470957775563626,0.787497280436464,0.41411270542611617,0.5715277713011299,im_1168.png
0.6770825155986208,0.8238155277404007,0.6789072531728536,0.8378721341711025,0.7161213141748104,0.8585955929309428,0.5103140754102754,0.7365163338201056,0.5429386260755247,0.7867209363899702,0.5205584681895778,0.7996347673868126,0.38387399299914066,0.6095497384075063,im_1169.png
0.6354739544582676,0.8045767926501276,0.6589876708840026,0.8199707513313658,0.6811965383224466,0.8316069691646966,0.5105139766071513,0.7377897543166547,0.4816953211041194,0.7599268819198269,0.4807032370954502,0.7680945789371437,0.34221229936472136,0.5584112557992198,im_1170.png
0.6931145082475931,0.8165529566432211,0.7493299741920443,0.8414113685129581,0.7463639010295701,0.851602517091381,0.5117883573671242,0.7501246012609495,0.5101793334498553,0.7726991143298263,0.524558193286948,0.7807840749287657,0.3754032919302553,0.5718544812265314,im_1171.png
0.7175037445386364,0.8452334400226116,0.7602856590883408,0.8546600139691273,0.7650576712868784,0.8664255502065682,0.6241201957871679,0.840690339717733,0.579946782969894,0.8295842001049544,0.5711818670244314,0.8330142161221817,0.5131381317607185,0.7042726591854938,im_1172.png
0.7368015381586428,0.8428417872175102,0.8021199881320132,0.8611662948482818,0.8080905459725942,0.8746282674894992,0.6246486750425564,0.8291357224413148,0.6026731723514789,0.8262824148884357,0.5931266617151585,0.8213454677867271,0.5275128457749937,0.7211510476948999,im_1173.png
0.6944328381329887,0.8249086369180936,0.724623522590694,0.8371394207046207,0.7795013236162164,0.8532160105973007,0.5604889368039574,0.7847394865307835,0.5377556337874743,0.7947931537511618,0.5940990369053014,0.8032378902554613,0.410725867043996,0.6269145000257605,im_1174.png
0.7411257739984534,0.850170858983609,0.756151170984422,0.8570578828058595,0.7944434582520727,0.8747727022074901,0.6186421750864337,0.835632292976638,0.6116122899534164,0.8258824850260298,0.6028861242854446,0.8131558913003513,0.5258816331734399,0.7238547823164573,im_1175.png
0.7261306097900505,0.8483309944712405,0.8010376119915648,0.8553126231010806,0.8005567093443706,0.8680424973656127,0.6478286074710634,0.8755222841974173,0.6386230292149041,0.8351383411299443,0.5862867878303485,0.8314171948348684,0.6545265715547799,0.7844622355566732,im_1176.png
0.7836390971185544,0.8563034220522673,0.7675645300572222,0.865091718205912,0.7766720045362135,0.8645515306486722,0.6378487420977221,0.8367828611353431,0.6681688699911985,0.8531343389675774,0.6269734894753903,0.8355316657982367,0.6559013127899739,0.7453313440937726,im_1177.png
0.6884275093160634,0.8309955413955118,0.7303514520101414,0.8421436609455503,0.7503999363067854,0.8564350628278833,0.5709633282023965,0.8162100877874398,0.5901782209912766,0.8078874400007856,0.5662016030086578,0.7934162408408908,0.5040733118189897,0.7065098122016715,im_1178.png
0.72313303689285,0.8433768126459211,0.7750872405640219,0.8472289092381767,0.7813419054594889,0.859341771276682,0.635988694391079,0.8367976405339574,0.5823527250448358,0.8214172557136172,0.5674508848178778,0.8253324464571308,0.5063431896954742,0.7238674667349787,im_1179.png
0.7544595112837333,0.855450846048459,0.7864429152089251,0.8501194297149633,0.771618237935422,0.8714714438652988,0.6252308214376547,0.8600607130060786,0.6187896331587127,0.8422968265827796,0.5957277366213465,0.8363673164853301,0.5279653141964352,0.7125602183050608,im_1180.png
0.7436255096984404,0.8471580202588216,0.7578403651990556,0.8473804235280199,0.7598041907410125,0.8578992358270948,0.6589401310459082,0.8532680037167575,0.6272282687876499,0.8259161965888696,0.5634165779088751,0.8139621538288799,0.5510959528520333,0.7374248540214775,im_1181.png
0.7576679953448148,0.8513678807529099,0.7450689408529771,0.8441329905057517,0.7675144792317242,0.8597877869591305,0.6456432150937774,0.8639221805088118,0.5921652321819761,0.8402523215641274,0.5623770421074404,0.8276243946426031,0.5206805478346428,0.7218468358733037,im_1182.png
0.7506895174339903,0.8462034801215547,0.75797789958414,0.8448776917224534,0.7716322652099704,0.8635891308234419,0.6214996915572858,0.8367256081862383,0.5901916619208045,0.8216939472795685,0.6009925539232974,0.8248490999984661,0.4448250304879027,0.6959849237540838,im_1183.png
0.743950288049674,0.8311100752500604,0.7761921037357942,0.8407550783544206,0.7855834228448892,0.8593110935045009,0.6467767494638857,0.8272907092297267,0.6325552751335742,0.8194731274599379,0.593456316657421,0.8104654970867923,0.46680849900484717,0.6663458188533615,im_1184.png
0.767810134033185,0.8475849989059842,0.7860378770885982,0.8582695282654624,0.7725551049859603,0.872471442883592,0.6354079179015188,0.8375717278493185,0.5901865595801764,0.823448363746714,0.5783392864530615,0.8208965018524658,0.5053473112586171,0.6653843838933816,im_1185.png
0.7634450533896677,0.8483236462697098,0.7794907388167156,0.8586213988184379,0.7724524613808091,0.8507331577801702,0.6784413741620849,0.8708503475739939,0.6526149233024826,0.8431094003910771,0.6111525141762207,0.8319099901932097,0.6042379388697584,0.7280797582434535,im_1186.png
0.7554790047530702,0.8477390584217429,0.7711802985163307,0.8454497717815523,0.7771254721347443,0.8527172881357449,0.6838638553062016,0.8588332222994813,0.615869759282144,0.8205147455663634,0.5977852193768975,0.8162673277432491,0.5497885881523416,0.717897403138487,im_1187.png
0.707691105039404,0.8310682694161686,0.7194650466676544,0.840425379801098,0.7381341061700459,0.8563710566034628,0.6069709573425881,0.800172718320802,0.530777853384953,0.797932212612782,0.5355981094567979,0.8077773031505225,0.3652573558722807,0.6248780266458259,im_1188.png
0.7276129140556441,0.8312564461800555,0.7512558619341181,0.8460814180231478,0.7730588968297908,0.8639902270910945,0.6253256033032248,0.8247330059282536,0.5702264832447582,0.8116399868731687,0.5747269064698792,0.8136074755227962,0.4121262461209061,0.6545665263055962,im_1189.png
0.6920307680273704,0.8246906924852209,0.7000699200731277,0.8372080006789652,0.678829744542141,0.8285728510575718,0.6162657054459291,0.8236473854802168,0.5928715574930451,0.8108944981484661,0.5212838135366762,0.7998951391550191,0.43680656968124687,0.6908872877017226,im_1190.png
0.682839358792942,0.8310500565996755,0.7339928131835545,0.8389835743433587,0.7539287711425903,0.8649261993268496,0.5647761708925833,0.8058715593339058,0.5677056848088021,0.8260179496387627,0.5562632257201557,0.8263397212136218,0.3901212558354711,0.6310647759398093,im_1191.png
0.7499411451529183,0.8648005823095942,0.7871939401943556,0.8654522339682839,0.7893239724615974,0.8715650316017151,0.6483341869933191,0.8578570620860032,0.6189790624219959,0.8392975048002357,0.587598993742153,0.827379378110469,0.6106507148975715,0.7462900168508821,im_1192.png
0.754098014137214,0.8569421308068719,0.7881434326682365,0.8658870161475991,0.8029255450984346,0.8753638241340976,0.6499576123550059,0.8556240778250936,0.6080370963552318,0.8395252109182958,0.5906368005940059,0.835919703625383,0.5211609289189717,0.7256335251791274,im_1193.png
0.7203912392742783,0.8494800207247709,0.7284633963248053,0.8631209068807167,0.7526736875870036,0.8722293853099503,0.639823786452956,0.8368495459285686,0.5714034787966897,0.8202953390227726,0.5687392128724201,0.8138543038584095,0.4915612095790966,0.7134117652340594,im_1194.png
0.7498145503527974,0.8563434537745509,0.7776113648024819,0.8664767737967075,0.7806632837690148,0.8650718309844029,0.6654166625374353,0.8714904798020359,0.5937502116584997,0.8450316824823939,0.5868907928511123,0.8371840030526932,0.5629239516987314,0.7363773367181059,im_1195.png
0.7860714215389899,0.8587950732117776,0.7807842750210738,0.8552230262277851,0.7904443963939591,0.8690605727503514,0.7014090330097874,0.8787190260154613,0.6391993977608441,0.8518011363374763,0.6085336774152815,0.8446510919042327,0.6103842020189597,0.7301918490893349,im_1196.png
0.7406405864347675,0.8265756398347095,0.7630063070393555,0.8443341878897473,0.7676967016013275,0.8494367972713538,0.6536302231927564,0.8462247783789084,0.6027212607227178,0.8200006295276315,0.5739162788047782,0.8045277391998268,0.523542807616811,0.7019256637931792,im_1197.png
0.7456505951952958,0.85581748674908,0.7700609076128477,0.8539636458057547,0.7662707160431594,0.8674394971898238,0.6394891453135233,0.8444736003040191,0.5969926362612646,0.8389840155473518,0.5804948878406747,0.8238289581340329,0.5240318784341818,0.6993150455741901,im_1198.png
0.7458184240219883,0.8321596644399438,0.7459510416760629,0.8534551701882752,0.7829182203509015,0.8809841772496849,0.6139207398645263,0.8284215755414179,0.5641240791484922,0.813674364358561,0.5572160375756362,0.805342071586122,0.44181250051100723,0.6627352526088554,im_1199.png
0.7538849798800283,0.8369266157914877,0.7735869482775098,0.8363913801613285,0.7684926320791364,0.8461525607197219,0.6714507805206539,0.8487890373709152,0.656319224593581,0.8344341827803132,0.618171925023984,0.8200548576487844,0.5538105703877063,0.7525006048573938,im_1200.png
0.7616073818146146,0.8504075362591846,0.7865136124784726,0.8499237354596625,0.7984732379573497,0.8618263741919285,0.6964200752167079,0.869918290342718,0.6332996639902497,0.851426495341573,0.619803917260894,0.8472928705804161,0.620464709067051,0.7599639470060455,im_1201.png
0.7135523618320208,0.8381241696668645,0.7646718841116178,0.8538259357899647,0.761299673524754,0.8590886945220453,0.6120570975621334,0.8449476944642365,0.6330152040461867,0.8380862747770884,0.5680109142249444,0.8301416996152805,0.5248731200033748,0.7377016621232892,im_1202.png
0.7499009060540887,0.8374684517689696,0.7490333162626306,0.829260997966404,0.7728724730882668,0.8563139869503598,0.6496341726493504,0.8277066317117102,0.6160412013957595,0.8201171284230548,0.5940331571955523,0.8146990074908899,0.5484214937589867,0.69961671759444,im_1203.png
0.7547609675178679,0.8466529337670051,0.7666150184312802,0.858045489191525,0.805294330244431,0.8733561890835979,0.6641844866067561,0.8569674031238952,0.6401423842232733,0.8405598223895838,0.5896450834886079,0.8389435860422157,0.5549810053488273,0.7363912977046956,im_1204.png
0.7085080102487946,0.8298086704114382,0.749694495366953,0.8562188931843562,0.7787092546546819,0.8783167552633854,0.5923542721569367,0.7898728831665087,0.5426346243337902,0.8114787321681325,0.5342378860691709,0.8077944667902462,0.4110512617525005,0.6525205927361658,im_1205.png
0.7347551655502761,0.8519290581092431,0.7899768180987788,0.8571629291161158,0.777112472022111,0.8618233219428219,0.6755199949417785,0.8515927129399689,0.6143668841303686,0.8317755077940648,0.5913173532231307,0.8294881329521571,0.5587952190528838,0.7260143839548955,im_1206.png
0.7098927275029955,0.8252776590797045,0.7572597737804517,0.8541613649686244,0.7887718105918886,0.8777085861194177,0.5842822697941801,0.8075375064534032,0.5573201283888813,0.8061041319477478,0.5649453434845357,0.8168840579783271,0.3771997684341491,0.6630394426391354,im_1207.png
0.7994140319020039,0.8710528688963588,0.7994122381215321,0.885790039475586,0.8069945219221399,0.8710681277424099,0.7108899553925098,0.8830024005231397,0.6575140469245012,0.8338313181846745,0.6237712717204449,0.8250299678518144,0.6959745008044667,0.7961942736014985,im_1208.png
0.7450433328223391,0.8298496758117522,0.7668872966046841,0.8404351530041283,0.7624045134882452,0.8504017959288509,0.6260107001323736,0.8330216835127713,0.5776763374156486,0.8183705222477128,0.5690857314251087,0.816963919465445,0.5178250533096912,0.7024374089620734,im_1209.png
0.7181020048999611,0.8341759951674168,0.7480534716487901,0.860070418279304,0.7636703195163779,0.8695360338914158,0.6293615017159391,0.8219069986668854,0.5942348709005797,0.8143763326025133,0.5829348339848447,0.8093133750444558,0.4838853416623272,0.692781840824551,im_1210.png
0.7412438256960951,0.8397216106170755,0.7767576644830115,0.8613884834448419,0.7905605946210204,0.864555394982984,0.6398446085378836,0.8328921609865717,0.5783979192357528,0.8198667201710734,0.6032666429514045,0.8060343894101772,0.5561687935984664,0.7165199101716021,im_1211.png
0.740031298541713,0.8428991364165183,0.7660434086146833,0.8594524790886454,0.7898257354165734,0.8697183679019954,0.6336758859174526,0.8456637421364908,0.6151576474214903,0.8240620883534092,0.5684782125054789,0.8230139913680421,0.5448461523666863,0.7055533910634333,im_1212.png
0.7737876223988867,0.8481260245024086,0.7984218191754273,0.8606116941220064,0.8047026857824883,0.8652213548583829,0.6836881091453035,0.8497598428139962,0.6419992071333873,0.8289052582666748,0.6198924098510349,0.821496720546272,0.5091912994009009,0.7468473914972141,im_1213.png
0.7642409195272801,0.8335835858005597,0.7731921621474194,0.8462868196870477,0.7941381729911517,0.8520087190862701,0.653302207742859,0.8474209545198879,0.5988778388972789,0.8290543039617181,0.5955062047423608,0.8179288185538327,0.5761962403660961,0.7463083945983342,im_1214.png
0.7761410982981642,0.8523549897143858,0.8044963937024323,0.8630798683577979,0.8063747643139615,0.8748784986548142,0.684006588606572,0.8528946600638859,0.6813712640399835,0.8447042725264785,0.6351087838747635,0.8396718039416384,0.6640191885689322,0.761523087148478,im_1215.png
0.7393564983396322,0.840330167472998,0.7826068831839974,0.8570541674680567,0.7861595649404814,0.8656623978584764,0.6102471775431424,0.8376215032238237,0.5761416821624948,0.8251762744585396,0.5584533407766629,0.8214884783675638,0.45822836912072085,0.6951453794352856,im_1216.png
0.7322794574757867,0.85107651131589,0.7457894906248408,0.85749173501721,0.7735047239822702,0.8737387991616421,0.5699171590287877,0.8172951047306872,0.5905101336295875,0.8282582347387148,0.5553310479306117,0.8285684161215005,0.4001175928315279,0.681640387819412,im_1217.png
0.748515349253417,0.843495768374303,0.7754803738219697,0.8629315815287671,0.7877163354640948,0.8663928037612457,0.599686787497021,0.8023946370502425,0.5913966642572176,0.8189624638711931,0.5832646060982601,0.8257886120791014,0.5244440528709949,0.7158408903686384,im_1218.png
0.7028745538318942,0.849916678868395,0.7320352074786706,0.8528566636883251,0.7471487694387619,0.8656619690257185,0.6043458436038792,0.843283121599733,0.6088860657514115,0.8420229869577965,0.5614899676295413,0.8349673742129814,0.5282395026149527,0.7062017289635676,im_1219.png
0.7579661736938754,0.8512450160859077,0.7978045703702759,0.8594482817517177,0.7964985890354886,0.8769067812570147,0.6604192344512013,0.854247780845351,0.6604312672611791,0.8445737082189341,0.6286351998815946,0.8415549589169592,0.5475944682664483,0.7329952801314124,im_1220.png
0.75086446957065,0.8524042028496847,0.7805867917594347,0.8632677700041335,0.7872497159205891,0.870099345205504,0.690621974059071,0.8671088607871513,0.6503861495695675,0.8432404759804776,0.6259603303483375,0.8416385927026007,0.5576445357016073,0.7487827028852917,im_1221.png
0.7181276930965947,0.8581023138702134,0.7740812610892943,0.8682683143263732,0.7843690489254493,0.8784499115907963,0.6248524345309304,0.8529776443209344,0.6282997069770363,0.8477651886541316,0.5864113806762659,0.8383344950540824,0.587157901512652,0.7618947326552339,im_1222.png
0.7090925973342102,0.8360908846421189,0.75180613619117,0.8650121343159908,0.7954854121004817,0.8675307349103193,0.5778571975633389,0.8243842762028203,0.5438918808535679,0.8167263991878609,0.5416647324883165,0.8105480930398069,0.44578198295663896,0.701191591614676,im_1223.png
0.7502064572177056,0.8540001638081008,0.783152942876358,0.8628767451298843,0.7626413298176075,0.8686917520389081,0.6482009846942969,0.8543749018163737,0.6272088712539522,0.8343201376739362,0.5919290369985266,0.8360671296020433,0.5473059624305484,0.7126152905015707,im_1224.png
0.748801377049757,0.8543019555438817,0.794011094176053,0.8578783422585711,0.7848582869902143,0.8700771856428382,0.6619288055270992,0.8606971822845033,0.6249033354842825,0.846713643756997,0.601272696352015,0.8416759673540979,0.5253997720024446,0.7189277511314441,im_1225.png
0.7146596919529818,0.8441279187432059,0.7867561206128544,0.8627039726972457,0.7676810273439726,0.867444049509972,0.6217934528556629,0.845988489667945,0.6362112128566729,0.8222051057308374,0.619922332320898,0.8272982493375164,0.5276881648430003,0.7335379755507616,im_1226.png
0.7487381905521171,0.8576363387805522,0.7650456368051993,0.8599765792716451,0.7706153031710675,0.8722382454290751,0.640311522300515,0.8446302659709278,0.5974643320728482,0.8450588193024576,0.5598908902624444,0.8339146104568221,0.5675216367601637,0.7182938435140832,im_1227.png
0.757669636682512,0.8550855298538397,0.7669607519153393,0.8555574571799519,0.8084683242566337,0.8749212804620619,0.6645465943895656,0.8472290255621395,0.6235908323258295,0.8322295241595447,0.6254256037773424,0.8265051349051381,0.5678051718834091,0.7513876955776305,im_1228.png
0.7280020491342726,0.8203284620522969,0.7769326010314397,0.8426658150811032,0.7932111609814655,0.8535238544061221,0.6270576172545456,0.8155992296040951,0.5681818320776085,0.8138807418535874,0.5578972763532494,0.8107959556029404,0.39905358451849876,0.6852247090054375,im_1229.png
0.7729895868774316,0.8368899967417421,0.7773602097420723,0.8488531335321183,0.7769576402444336,0.8479262205151267,0.679502077062755,0.8513938106198062,0.6463035236557861,0.8210054744338828,0.6042131630953833,0.8135974191524259,0.590165268303968,0.7490070395794265,im_1230.png
0.7378421912019395,0.8316650839690278,0.7623271372509199,0.8430203710203419,0.7757226886069843,0.8569814574039745,0.649029100781499,0.8440336107683671,0.5809961330764849,0.8247575513649671,0.5869813849040025,0.8119343457264293,0.526883235941709,0.719977980801904,im_1231.png
0.7419161006579226,0.8378384448331169,0.7643984679551941,0.8501905100064646,0.7496399031785738,0.85313677079229,0.6523586954681669,0.8497120729516151,0.6198583297836717,0.8388046116529183,0.6065966179378556,0.8345239842639587,0.5861420510477408,0.7461303235481492,im_1232.png
0.7329416675135514,0.8466214817662183,0.7853687873811327,0.8514883921801276,0.7639329598533079,0.8595403009626278,0.6636132832072036,0.8508098698304212,0.6391010757666846,0.8445219176059121,0.5913432377578168,0.8407586834693468,0.5500533815323116,0.7423920444854871,im_1233.png
0.782936296930651,0.8524542031831442,0.8008027632865268,0.8496339824927052,0.7949057277532456,0.8639118410216142,0.6888045624222163,0.8560974901497924,0.6511537659001354,0.8531649139553575,0.6273778721393101,0.8424045106440753,0.6192821845962205,0.730716895118862,im_1234.png
0.7540496639768609,0.8508895391474285,0.78182249609,0.8538951505108973,0.7857652117359872,0.8589437031009078,0.6726410990720705,0.8632455205210895,0.6388965473147632,0.8419307508936147,0.6190308892643082,0.838519212364429,0.5849060679990223,0.7407209155664284,im_1235.png
0.7742699835728928,0.8231692199563498,0.6975906778316504,0.8442847997706993,0.79010804120459,0.8311691672382509,0.5944114391209515,0.8077014244435132,0.5937710248043815,0.8154972907498639,0.5614189723851434,0.7703764674072023,0.5804645815526539,0.7555083624189907,im_1236.png
0.7717793156119999,0.8260356864552061,0.791172825883905,0.8536606492097769,0.7427785470874781,0.824251366094694,0.7105622237087271,0.8634315812966585,0.6418587202575903,0.8217742129205532,0.5985052558868045,0.7849299458167397,0.6702944861459921,0.7481216859694317,im_1237.png
0.7274944189769083,0.8269392061761416,0.7623169341896969,0.8471863586467119,0.7698171380165658,0.8533285774160223,0.5969497316631633,0.8212392545789877,0.5614524608898452,0.8102345443743686,0.5710568435834961,0.8017015637755198,0.5023244117650572,0.7047228088885795,im_1238.png
0.7504780044680786,0.8552688852166671,0.7934643157623356,0.8655665873640855,0.8152011385898504,0.8766861434279077,0.6094085958722586,0.8374163082568771,0.5419557138393334,0.809859061923722,0.549495921115045,0.8111823762648421,0.42856556621325387,0.6946872387643672,im_1239.png
0.7483101772767197,0.8525300847373446,0.7738247052914409,0.8645691982192498,0.7702075759693093,0.8685470597257638,0.6296641791051885,0.8534182584546168,0.6224011566111063,0.840932574311016,0.5925889975765781,0.8378814536818308,0.5676157640083633,0.7203851743730769,im_1240.png
0.7227756860368073,0.8520629974970726,0.7616245489870862,0.857973911710807,0.784545004623343,0.8690132955880572,0.6399637839380108,0.8382045146407244,0.605518018568099,0.8257341904464965,0.5776972876495001,0.8249348539262114,0.524153233426484,0.7335512591110134,im_1241.png
0.741312800496568,0.8297993658832555,0.7377452070667246,0.8473174152824644,0.7756748924046005,0.859699394293908,0.6260027842632633,0.8375370819310242,0.5849289294867287,0.8327213008834511,0.599949309914706,0.8303642331619281,0.4947873434364929,0.6959514705598538,im_1242.png
0.7414197780358455,0.8417774031957065,0.7732132186121106,0.8506333942890264,0.7926811480507786,0.8586135624757792,0.6639369005683529,0.8308424378264891,0.6203756648943225,0.8323122608333073,0.6033467916808012,0.8291389326140317,0.5288965530681916,0.7045028380677455,im_1243.png
0.6707954405257601,0.8083713048150708,0.6996139167496894,0.8193933896145293,0.7105447085969129,0.8233917096548977,0.5624868922404517,0.7686568396804208,0.5302609701147322,0.773246613190002,0.5166589995573653,0.7793731012884316,0.37874132153177575,0.6291931684071741,im_1244.png
0.7629186718663652,0.8483227468304876,0.7314233405918723,0.8476234392176015,0.6918041010043693,0.8492022835081431,0.6043477975392169,0.8155618180842353,0.5852548347809078,0.8306389214556821,0.5613510754388022,0.8239685602256197,0.468640579020627,0.712994531636963,im_1245.png
0.7007412482840754,0.8033245051134188,0.6988212227184375,0.8009388366033888,0.7098285247542022,0.8140481652519954,0.5938549226842992,0.7967737369413483,0.5839925067082268,0.7998034957432414,0.5872333775677441,0.804690354365358,0.4481816250501264,0.6265525652121101,im_1246.png
NaN,NaN,NaN,NaN,NaN,NaN,NaN,NaN,NaN,NaN,NaN,NaN,NaN,NaN,im_1247.png
0.7259966391820892,0.8435331051539414,0.7641287778537137,0.8510488322399806,0.789053235239236,0.8709391400482311,0.6223407321164677,0.8452948863868835,0.5874502504458207,0.8240231397914792,0.583558052000528,0.8260339477973101,0.4730141635922116,0.698551727761215,im_1248.png
0.7408726391240613,0.8562526272886202,0.7817013317726165,0.8707878110503916,0.7779675694705304,0.8795232909158347,0.6423880682635864,0.8560256995322129,0.6255748879925744,0.8443342523482454,0.6092358009643214,0.8401155248455457,0.5371898768543013,0.7088276202843082,im_1249.png
0.7032624417883859,0.8245533673291205,0.7290062362334561,0.8362107980443331,0.7657079772913579,0.8635807687758816,0.5894028301894575,0.8212483965989802,0.5479813281456974,0.8143972809795135,0.57967475407491,0.8298813855921012,0.45746685568658313,0.6519778795520313,im_1250.png
0.724154642218129,0.8375842040830729,0.7563905519942545,0.8457749049486997,0.7707378163309888,0.860466612581909,0.6292997677311273,0.8305480560713837,0.5968225253119938,0.8332665455574073,0.5966200501101783,0.8159198514709214,0.4354341233925953,0.6824533570378611,im_1251.png
0.7308239754846959,0.837855281749444,0.7531245295846621,0.845590087079952,0.7508321526367853,0.8449868216296534,0.6549235830772093,0.8570424308854265,0.6275612226916523,0.8299542216651152,0.587969855601544,0.8184243124058314,0.5680421818924396,0.7401950736627397,im_1252.png
0.7501363897845782,0.8482713047219402,0.7988088798066906,0.8584550319633566,0.7940446201577083,0.8608667478034728,0.6626021379302892,0.8571262577988298,0.6259779828401899,0.8357849289370965,0.5742271433521524,0.8233648369046308,0.6398082158801346,0.7587016754598297,im_1253.png
0.7081659945130937,0.8381384725230657,0.7408879673625941,0.8478458755998899,0.7554370134756737,0.858554163174357,0.6191720083705022,0.8386796802907724,0.5913235139276037,0.8330730555692459,0.5564794244148826,0.8233786720976894,0.4831281999971271,0.6581438870152279,im_1254.png
0.7528755759407902,0.8506593918956334,0.8010820053314933,0.8570113461597534,0.7987377588226191,0.8612267097669674,0.6784191355116598,0.8531593769306747,0.6702322236343474,0.8472470305920955,0.6440808535085459,0.8426342192457712,0.6222379861822908,0.7254328386595216,im_1255.png
0.6968141391943127,0.8424003006984607,0.7526384438520017,0.8579474360008693,0.7378245176089401,0.8665445386599896,0.6202059474364876,0.8431855067941472,0.5720905207897514,0.8364601982450142,0.5529994457973532,0.8181780241164831,0.5013593759459527,0.7275644176022513,im_1256.png
0.7512842654726383,0.8529662910885423,0.7965559802770026,0.8525671464711683,0.783118549008492,0.8525652417683167,0.6442941453855173,0.8496080280868623,0.625226631228206,0.8300144790275892,0.60777895610409,0.8274385258328518,0.5817134644390166,0.7532234081415741,im_1257.png
0.7536701174025424,0.854537665007584,0.7943162774604224,0.8604228226953462,0.8022601164641905,0.87250493241819,0.6657202446153477,0.8528626524423234,0.6540047649479955,0.843428944172412,0.6078175464180627,0.8445855989262799,0.5823337289256595,0.7692741321626999,im_1258.png
0.7804494102761858,0.8687648022431445,0.7825652055695627,0.8681625075921744,0.7749513106634598,0.8702460676167825,0.7037991636608911,0.8794495626481925,0.6434781279985705,0.8604150830525139,0.6087242510488565,0.8529399776241918,0.6420618986516011,0.7566885298915448,im_1259.png
0.6660211312960572,0.7745539350776506,0.6742832555750908,0.7733657839812632,0.6514511746322571,0.7779880985979473,0.5929587623261441,0.7729310542811569,0.5184062760116555,0.7662119693682602,0.5034901071674972,0.7669756294501088,0.42841133205627885,0.6204451170161845,im_1260.png
0.6805907356626573,0.8052672114089389,0.6920614587440173,0.8242055125673737,0.6834963485618306,0.8171589127984248,0.5837193933838359,0.7977629439407768,0.54573899828561,0.797797906629441,0.5182184524520164,0.7875250803345161,0.46131393527041653,0.6392683351963211,im_1261.png
0.703920318539937,0.8199373608776811,0.729346848242275,0.8376528051794045,0.7438657284135748,0.8460481424240183,0.5743627687154751,0.7723256731904601,0.5236760122047369,0.7834232816641614,0.5626956154559257,0.7835320019310447,0.4612675641717167,0.6594699327893728,im_1262.png
0.7137787412470661,0.808607031066468,0.7096545186192449,0.8142644441935453,0.7193583486546477,0.8112245704463843,0.6241811662594142,0.817553554015491,0.6050324184443777,0.8085116084209961,0.5901315722174082,0.8046308943420919,0.4600686471126553,0.6333323436428898,im_1263.png
0.7522052709708719,0.8552802786090962,0.7735818769904188,0.850424305510766,0.7656660836979053,0.8604711871769469,0.6599416550738341,0.8618242562004564,0.6458981520170146,0.8466227354896397,0.5948995366833502,0.8444528527917337,0.5986968404421974,0.732945328114443,im_1264.png
0.7781150044198124,0.8630869191883407,0.8042865492404065,0.872049797834888,0.7782499033122063,0.8719080761832868,0.6810205902310446,0.8741332063474986,0.6616906303563643,0.8529092204264506,0.6192714008380209,0.8530060491742447,0.6426716160829177,0.7328547715187668,im_1265.png
0.7811449172004726,0.8544282181675696,0.7950022709873413,0.8698651849040527,0.7910350688640777,0.8718516361654503,0.6369117223080617,0.8518725671788056,0.6195298344002361,0.8418909948904439,0.5907953843515624,0.8323050553965785,0.6165075767253084,0.7354828909783057,im_1266.png
0.7661088766275492,0.8613132483345858,0.7698342550552195,0.8614675972585516,0.7745370544532412,0.8673232179145673,0.6591259163739199,0.8577076582084177,0.6333013807411618,0.848696514140711,0.6134676393360873,0.8513279544946074,0.59188467384118,0.7307347709561277,im_1267.png
0.7312602382953958,0.8325970729310523,0.7572764701550931,0.85417805857188,0.7505262903431643,0.8616269698884497,0.6498149746456184,0.8405278387268417,0.6369401911118485,0.8397360297625055,0.6018342175393576,0.8218845801124761,0.5618364314217921,0.7261912084661932,im_1268.png
0.7293552864251609,0.8441646448114332,0.7754510137202968,0.8598601719011281,0.7774094806632474,0.8663301200165082,0.5921745687038761,0.8155264765224643,0.5352722152213342,0.8149196521256679,0.5775946648444464,0.8151478829907892,0.41165959383172057,0.6572041447567892,im_1269.png
0.7160577691236621,0.8242014363707237,0.7581560502177644,0.8437046507225392,0.7727753921029735,0.8708917214381338,0.5932475031297344,0.8057650953394776,0.5809223540687389,0.8150254013546786,0.5912159897882574,0.809374603073341,0.4200908233924709,0.6551106835683198,im_1270.png
0.7559187189245181,0.8472365606785874,0.7629313328507958,0.8505796679769074,0.7906328907071003,0.8652801000135407,0.6480920635587202,0.8432335249647356,0.5318065838250172,0.8254442237576246,0.5606507453929744,0.8207176996543815,0.5176664351916483,0.6736694656171256,im_1271.png
0.7278934646017337,0.8477112999312107,0.7536626125504612,0.852607018889598,0.7687500032401792,0.866635478033028,0.6302500367052325,0.8500804826494324,0.6232452715689182,0.8350436393788775,0.5799752235151217,0.8258519072122579,0.5591160340867927,0.7246510936496878,im_1272.png
0.7261039031979586,0.8348295840646289,0.7483479478812577,0.8532380092998002,0.7803701950673253,0.8670573363159906,0.6220909961511105,0.821370692781025,0.5806725383345117,0.8141070980746337,0.5783321319382861,0.8207129455483378,0.47428404066231755,0.688572900005903,im_1273.png
0.778364367981492,0.8631722318364029,0.7758164935030776,0.8667794665366467,0.780058063295087,0.8656025978100551,0.720342709464871,0.8625286286965326,0.6819705551175026,0.8474057354029292,0.6342852346182797,0.8399347351643479,0.6417643775915359,0.7798443930347498,im_1274.png
0.7528092439927081,0.8346711283805596,0.7547714372039934,0.8397107790232541,0.7749412137627812,0.8630835586239686,0.6287828331181525,0.8170769361382177,0.6180443554834911,0.8148303128789324,0.6124391459300733,0.8221145134066891,0.50999107280942,0.6904683798250008,im_1275.png
0.5604035308953341,0.873015873015873,0.48784708249496983,0.7684288905435592,0.5194897236002834,0.8207236842105263,0.45833333333333337,0.6808286516853932,0.431002316006176,0.7775974025974026,0.4601967799642218,0.8769953051643193,0.4170942418969773,0.6862179487179487,im_1276.png
0.7476277312759074,0.84333880036601,0.7130727915670847,0.8583809356949034,0.7056771148745747,0.8448535698121129,0.7162441930736946,0.8620206811094739,0.6318997942315656,0.8430787899057188,0.5971036732984305,0.8354741741388065,0.5573944344120678,0.7110753263053895,im_1277.png
0.7422701011683485,0.84922692006036,0.7479683941253995,0.8760250661194662,0.7528740364051733,0.8580615775019836,0.6491930967122431,0.8660009308598955,0.6162430954732112,0.8450849070882221,0.5910833352692649,0.8424776624047569,0.5376442022650755,0.7656387952537156,im_1278.png
0.7031943939937502,0.839370999048486,0.7759115878237465,0.8482117753831555,0.7506851621292409,0.8517263434607668,0.6561191691645595,0.8545558436872602,0.6286642053566562,0.8340639595599044,0.6232903922664039,0.8234544690468112,0.5735309087700463,0.7751347548777409,im_1279.png
0.7237438695701089,0.8369096276542494,0.744445031066154,0.8464905546522091,0.7964448524909061,0.8683089663831739,0.6036796901185413,0.8018311146077463,0.5842344059405639,0.8089127426009917,0.6000258785158411,0.8055095309763023,0.5024527272232076,0.6530654294929332,im_1280.png
0.7335690508014673,0.8317266143031417,0.741375040698069,0.8542953945587662,0.7602848274505349,0.8696316704955227,0.6248915027809196,0.8181409294476083,0.5338047345271113,0.8243619182467385,0.5444647572905595,0.8231538424409014,0.43961226818567695,0.648327928813215,im_1281.png
0.7677405175258405,0.8534777684541132,0.7763741326221584,0.8499203237676765,0.7751731043822055,0.8601290486328187,0.6997257804820022,0.87418849905414,0.6515123329569923,0.8462267499204633,0.6250957215875625,0.8501213496510444,0.641057297418344,0.7404945933489407,im_1282.png
0.7355934281947266,0.8484009002434413,0.7543125089817955,0.8520979477472075,0.771558390929411,0.8704651499778092,0.6267395976317165,0.8422654526089769,0.5962781574424132,0.834311062794516,0.6008357376151575,0.8322583172661614,0.4953847038967964,0.6905130037817631,im_1283.png
0.734801102560427,0.8498763843552744,0.7633286618918503,0.8582349481150605,0.7608743906507409,0.8606032717715989,0.6130481363227068,0.824401165797344,0.5870749577287261,0.819469466009792,0.5858103163621343,0.8094084098012929,0.48642447317450177,0.6830854466421397,im_1284.png
0.7983257073606415,0.8473753728336885,0.803907557510268,0.8575629417410102,0.8087707719756548,0.8679904101382797,0.69965708888084,0.8641514629828769,0.5970304226278931,0.8358048767163847,0.5977427697235834,0.8254971050831308,0.6225153933779236,0.7790064011559991,im_1285.png
0.7394410269858309,0.8423546639144837,0.7776953298876217,0.8495269155870773,0.7634570544577188,0.855185413924584,0.6397727830262548,0.845505476079758,0.6057536657614357,0.8292544596439959,0.5726070198762071,0.8211402029036247,0.519252583512362,0.7436760132010856,im_1286.png
0.769408095979099,0.8409989159886216,0.7918550391931154,0.8435167066518523,0.7686428515973657,0.8363487757742476,0.6932231805444481,0.8646431196813492,0.6136085173654343,0.8234127082332436,0.6321133579775129,0.8166991960961261,0.565607957424588,0.7336046890854232,im_1287.png
0.7156445867468925,0.8553157571269502,0.7706353708632239,0.8582964550653082,0.7871974246913127,0.8737087871845111,0.6456850581808253,0.8452152726154158,0.6183142187852475,0.8269563609052858,0.6095360271763147,0.8224976089525737,0.5243899362658113,0.7213552468833936,im_1288.png
0.751349196465548,0.8430043505572894,0.7689844795849753,0.8434286310160775,0.7792319970950168,0.8612726382384823,0.6247549375404573,0.8043694408080297,0.5838414677474204,0.8092194864834957,0.591603997163135,0.8129177777493495,0.4682103777658743,0.703348836971293,im_1289.png
0.7317562848899124,0.8459862345908011,0.7680712719488216,0.8462018486970035,0.777872909552509,0.8673857929231645,0.6434965175586768,0.8532366892859645,0.6173693593623413,0.836881441657028,0.5899888488210627,0.8276794785627717,0.551779105854462,0.7282092838850767,im_1290.png
0.6942022491697077,0.8427941764722492,0.7506091929552965,0.8489321968115883,0.7447570251351225,0.8591431883349613,0.6236834043229742,0.8300994762195767,0.581107716249007,0.8243828340418488,0.5408946064081994,0.822679462071237,0.4782163339463665,0.7051957518843387,im_1291.png
0.7294986989365919,0.8472724983055371,0.7527481938144822,0.8475855161894934,0.7780278005785904,0.8573066846858182,0.6364943468072266,0.8568190491117125,0.6134200227375698,0.8325539656519689,0.5811284654203379,0.8271126670727699,0.49919709890394365,0.7283462736399806,im_1292.png
0.7250917880346885,0.8283060236027945,0.7611352106745077,0.847464776164391,0.7660591778469946,0.8565194441063564,0.5961699585795672,0.8276793589456658,0.5689101577365598,0.8143423931939704,0.5227039041076272,0.8176463569924396,0.4245796135004809,0.7246619184141042,im_1293.png
0.7432391784536108,0.8184830891660277,0.7348203736411736,0.8105844463879363,0.7250196097517716,0.8119235715381293,0.6551394203366114,0.8374327067275947,0.5437830861586436,0.8042511758041515,0.5749185658919505,0.8005758015822347,0.47300986459918604,0.6860408872478481,im_1294.png
0.6997264683872294,0.8190522954784962,0.7339385586855705,0.8167298239976903,0.709256016482626,0.8235073670920182,0.6152854586784813,0.8394667174302928,0.515633863092102,0.8032784102058443,0.5039905283447781,0.7935358750042519,0.46464402823401013,0.7131267906643766,im_1295.png
0.7290531592438341,0.8395527057814139,0.7459112442503877,0.8424265536560417,0.7639763360240778,0.855070190540869,0.6315465022621018,0.8350089614668446,0.5864457130706782,0.8273268869428182,0.5938689434213881,0.8172330910633672,0.5061899719059499,0.7076624120813056,im_1296.png
0.7105498801668035,0.8411680415478133,0.7339390467129339,0.8421764532093494,0.7462244743188019,0.8506496458168723,0.6459173645309396,0.8573459376236581,0.6014205558551855,0.8362690416539872,0.573537749699321,0.8237426790162815,0.5925337261321902,0.7439753666585339,im_1297.png
0.755708444345595,0.8580881111293752,0.7744190817301398,0.850582046499231,0.7835685526220327,0.8607126618481746,0.668929752049835,0.8736366743221545,0.6208188372575785,0.8422791827208745,0.6030955335270101,0.8433230739302111,0.6487895783577602,0.7628510250268178,im_1298.png
0.7500607774344807,0.8562768128250638,0.7851278669366714,0.8635562684881661,0.7836883568363346,0.8754087146706325,0.6822967990246837,0.8713744941839316,0.6602770517373273,0.8522980647682752,0.5976897944087475,0.8427524569559549,0.6352373391509051,0.7504220830692623,im_1299.png
0.73125995467246,0.8499560123771673,0.7631470383748078,0.8512385568040725,0.7502875972879212,0.8591880581495474,0.6272543696010278,0.8511110680277163,0.6004621996248283,0.8389751672649131,0.5690059641259548,0.8261728376704733,0.5344707045230587,0.6960051985845032,im_1300.png
0.7429173001816062,0.8402227030103526,0.7828065362544326,0.8563264801289677,0.7784865103959032,0.8643172245992844,0.6410336088672532,0.8556873353537604,0.6068267639272672,0.8437303511422719,0.5710122261611714,0.8384652950385955,0.5431267634703127,0.716432178595651,im_1301.png
0.7539974069950238,0.8536367526883852,0.7724005489900024,0.8541613062580304,0.7627085191784183,0.8641933324490263,0.653932106308643,0.8684407272098702,0.6185913819440145,0.84932110100479,0.5853767079672663,0.8424508983989664,0.5502424861759804,0.7198980245003467,im_1302.png
0.7421482308681933,0.8412693047321789,0.7670745188769021,0.8547376300756793,0.7646463857207021,0.8602576736377047,0.6223594573745803,0.83482445633054,0.5920481995331058,0.8282857614097958,0.5821819815341235,0.8153596153493956,0.4923780127757254,0.6641221507067643,im_1303.png
0.7267744955220705,0.8040787978896027,0.7484058196171219,0.8256050289325517,0.6863008370633873,0.8065871390999266,0.6646943553644182,0.841114948430582,0.566977473734429,0.786257286441823,0.5436682904006732,0.7603095505145465,0.5258015905495832,0.7337105323350226,im_1304.png
0.7622343169661552,0.828535088500522,0.7185263944230385,0.8603529318099313,0.7799507380108475,0.8512268744765226,0.5862996927662694,0.803875764359317,0.6093579033969455,0.8108336896648816,0.5962420253644379,0.7851147560656069,0.5745891576853324,0.734398700971961,im_1305.png
0.7523695616138312,0.8513190368860954,0.7047932815992046,0.8494363149420988,0.7305927139032276,0.8652846674875228,0.5753459610047765,0.8044205827071798,0.649873271036693,0.8158655448049501,0.6007306489574153,0.8353227441024926,0.6053209865008707,0.7270324476725869,im_1306.png
0.7628989754475262,0.8421594384205241,0.7791430105204007,0.8572839352030659,0.768374676894031,0.8525871923563024,0.7296919386057753,0.8756096953310049,0.6498323172976416,0.8358636279766458,0.6015849063015515,0.816474568315909,0.6294424323524076,0.7917612901052198,im_1307.png
0.7335042390504899,0.8496279218822478,0.7479043671482072,0.8695078696154127,0.7839346683219369,0.8585867801867905,0.63269814103742,0.8498647076529456,0.5671810250354878,0.8284761578181106,0.5917615507858172,0.8212221031989361,0.4032716536961523,0.7393987814547774,im_1308.png
0.714698060411535,0.8320092964725104,0.7470654293211857,0.8540420788782547,0.7447821840217661,0.8615707280074558,0.5863099761439085,0.8188606878714374,0.5968028060220104,0.8059029511152777,0.6147863749193534,0.8127155082776607,0.35585403453781345,0.6981782461987097,im_1309.png
0.5250416024782769,0.7918154095743215,0.6797026292373716,0.8370725381066363,0.7012303723424053,0.836842058849691,0.5253393630406015,0.794162789260197,0.49187331585767424,0.8018820825981889,0.5497322548287679,0.8041310164514683,0.26682988013460684,0.6549590027248287,im_1310.png
0.5717234358232071,0.7891376146871596,0.7250124123162116,0.840920679910971,0.7420610038473683,0.8453485300674842,0.5197080691336129,0.8021450995589782,0.5716119047658558,0.8176777048137445,0.5668949705485671,0.8135874592759446,0.3010860571821679,0.7061705859721372,im_1311.png
0.7475342397874838,0.8400471544615954,0.7778642879595611,0.8417224686872108,0.7915875557659813,0.8645578732908258,0.6850848368902646,0.8626617102492199,0.6313658779780539,0.8372621832492695,0.5881725949264757,0.8238458425734267,0.6099916418150583,0.7379499570462338,im_1312.png
0.7514311705757825,0.8446097243219277,0.7720349450648152,0.8446761340621314,0.7873932455172886,0.8682470946374794,0.6610108101241191,0.8542101814443206,0.5956914958534679,0.8365534438174568,0.5840175502060883,0.8274488135422357,0.5942280805409543,0.7449319526870473,im_1313.png
0.7503696321180064,0.8409034402517925,0.7617597801143611,0.8528360923322011,0.793526392610102,0.8671631221237555,0.6537296780343123,0.8318601091167925,0.5965417361091635,0.8223710380381914,0.5855813889110693,0.8182141432278812,0.44844737559485365,0.7148618150226793,im_1314.png
0.7019679477174997,0.8443803108863636,0.7438943376103586,0.8354052763769415,0.7538836368139363,0.8544224924065184,0.6413172647047308,0.8561151307557137,0.6037198119691515,0.8351007473192623,0.5551913301207928,0.8342289639114383,0.5344521154585131,0.7304052214455149,im_1315.png
0.7426366511685883,0.8433057851201555,0.7651703860442052,0.8543877360747739,0.7771417192576342,0.8621690031962667,0.6844628600678896,0.8616089881819887,0.6484462898942195,0.8435224324929644,0.6082255729739544,0.8409913891590642,0.6001492402089976,0.7386821164285543,im_1316.png
0.7572345363896789,0.8532098445104543,0.7701065466345688,0.8579475131016215,0.7779356717718271,0.8615769909400821,0.66536166263664,0.8530806157040881,0.6316652873084808,0.8448843429901065,0.610869352210555,0.8419384427737513,0.5765892159583001,0.7358480919128988,im_1317.png
0.7497572033793956,0.8462701815479827,0.7721982770494377,0.8606442886751553,0.7631344331508294,0.8722658341581923,0.6487796354124081,0.8450631237577083,0.5849877841955496,0.8349565475466005,0.5734956312625127,0.8352968930593552,0.5414449631518219,0.698256877707204,im_1318.png
0.7315576968153641,0.8450981305779172,0.7486273408739829,0.8378266542183637,0.7486907688656171,0.8520316936683008,0.6913030504210764,0.873080898402092,0.6232068306568919,0.8437592621050658,0.5741635169727503,0.8422089742622311,0.6372058060673903,0.7344547933970508,im_1319.png
0.5497355910293932,0.8033902993617412,0.7833857158162759,0.8727449816259879,0.8226270116872237,0.8814295540785088,0.5546192156413703,0.7910722670215399,0.492424098091418,0.8130086492668006,0.5297194861043512,0.791001650805142,0.2537879100054012,0.6607801037063945,im_1320.png
0.5732145291460166,0.8077986320680458,0.7743433871055428,0.8775984656377208,0.8200171531667501,0.8797007522598849,0.5794148314703644,0.7943588634063553,0.46837722891751327,0.8148557687451916,0.5350329272816579,0.7934100613609626,0.2375999609947257,0.6416891087335157,im_1321.png
0.530714114240085,0.792463623054693,0.7600710777870825,0.8689279825962664,0.7954655082930655,0.8750755384544578,0.5395779454732671,0.7940199381075221,0.460850271159611,0.8111346257694766,0.5278833128897856,0.7886723870545257,0.19333810181315056,0.6465107232964813,im_1322.png
0.5402260954078992,0.8059604466987472,0.6977877261701594,0.8654696228232102,0.7824771599045518,0.869864165177635,0.5741382494193368,0.81237188632469,0.5547734039793041,0.8153669570312816,0.5526132375673363,0.7969563441169653,0.24071349007626502,0.6431866744018105,im_1323.png
